-- phpMyAdmin SQL Dump
-- version 5.2.1
-- https://www.phpmyadmin.net/
--
-- Host: 127.0.0.1
-- Generation Time: Jul 18, 2026 at 01:20 AM
-- Server version: 10.4.32-MariaDB
-- PHP Version: 8.0.30

SET SQL_MODE = "NO_AUTO_VALUE_ON_ZERO";
START TRANSACTION;
SET time_zone = "+00:00";


/*!40101 SET @OLD_CHARACTER_SET_CLIENT=@@CHARACTER_SET_CLIENT */;
/*!40101 SET @OLD_CHARACTER_SET_RESULTS=@@CHARACTER_SET_RESULTS */;
/*!40101 SET @OLD_COLLATION_CONNECTION=@@COLLATION_CONNECTION */;
/*!40101 SET NAMES utf8mb4 */;

--
-- Database: `cinereserve`
--

-- --------------------------------------------------------

--
-- Table structure for table `movies`
--

CREATE TABLE `movies` (
  `movie_id` int(11) NOT NULL,
  `title` varchar(200) NOT NULL,
  `description` text DEFAULT NULL,
  `genre` varchar(100) DEFAULT NULL,
  `duration_minutes` int(11) NOT NULL,
  `rating` varchar(10) DEFAULT NULL,
  `poster_url` varchar(255) DEFAULT NULL,
  `release_date` date DEFAULT NULL,
  `status` enum('now_showing','upcoming','ended') NOT NULL DEFAULT 'upcoming',
  `created_at` timestamp NOT NULL DEFAULT current_timestamp(),
  `updated_at` timestamp NOT NULL DEFAULT current_timestamp() ON UPDATE current_timestamp()
) ENGINE=InnoDB DEFAULT CHARSET=utf8mb4 COLLATE=utf8mb4_general_ci;

--
-- Dumping data for table `movies`
--

INSERT INTO `movies` (`movie_id`, `title`, `description`, `genre`, `duration_minutes`, `rating`, `poster_url`, `release_date`, `status`, `created_at`, `updated_at`) VALUES
(1, 'The Odyssey', 'Odysseus, the legendary King of Ithaca, embarks on a long and perilous journey home following the Trojan War. Throughout his voyage, he is forced to confront the whims of gods, mythological monsters, and trials that stretch both his cunning and his humanity to the breaking point.', 'Adventure', 173, 'R-13', 'Assets\\Movie-posters\\Odyssey.jpg', '2026-07-15', 'now_showing', '2026-07-17 15:44:55', '2026-07-17 22:48:50'),
(2, 'Doraemon the Movie: New Nobita and the Castle of the Undersea Devil', 'Nobita and friends finds a secret underwater castle packed with mysteries and riches. With Doraemon\'s high-tech gadgets, they dive into an ocean adventure mixing humor, teamwork, and imagination in a breathtaking aquatic world.', 'Animation', 102, 'G', 'Assets\\Movie-posters\\Doraemon.jpg', '2026-07-15', 'now_showing', '2026-07-17 15:44:55', '2026-07-17 22:48:33'),
(3, 'Moana', 'Teenage Moana answers the Ocean\'s call and, for the first time, voyages beyond the reef of her island of Motunui with infamous demigod Maui on an unforgettable journey to restore prosperity to her people.', 'Adventure', 115, 'PG', 'Assets\\Movie-posters\\Moana.jpg', '2026-07-15', 'now_showing', '2026-07-17 15:44:55', '2026-07-17 22:49:03'),
(4, 'Spider-Man: Brand New Day', 'Fighting crime full-time as Spider-Man in a world that doesn\'t remember him—and the pressure of seeing his old friends move on without him—sparks a change in Peter Parker he may not have the power to control. But that transformation might also be the only thing that can stop a shocking new threat to the city and those he loves - a powerful villain no one can even see.', 'Action', 144, 'PG-13', 'Assets\\Movie-posters\\Spiderman.jpg', '2026-07-29', 'upcoming', '2026-07-17 15:44:55', '2026-07-17 22:49:14'),
(5, 'Minions & Monsters', '“Minion & Monsters” is the rambunctious, ridiculous and totally true story of how the Minions conquered Hollywood, became movie stars, lost everything, unleashed monsters onto the world and then banded together to try and save the planet from the mayhem they had just created.', 'Animation', 89, 'PG', 'Assets\\Movie-posters\\Minions.webp', '2026-06-30', 'now_showing', '2026-07-17 15:44:55', '2026-07-17 22:48:24'),
(6, 'Insidious: Out of the Further', 'A trio of stalkers infiltrate a quiet suburb and force a new family into the astral plane, where they uncover a terrifying truth: the Further is bleeding into the real world.', 'Horror', 99, 'PG-13', 'Assets\\Movie-posters\\Insidious.jpg', '2026-08-19', 'upcoming', '2026-07-17 15:44:55', '2026-07-17 22:49:30');

-- --------------------------------------------------------

--
-- Table structure for table `reservations`
--

CREATE TABLE `reservations` (
  `reservation_id` int(11) NOT NULL,
  `user_id` int(11) NOT NULL,
  `schedule_id` int(11) NOT NULL,
  `total_amount` decimal(8,2) NOT NULL,
  `status` enum('pending','confirmed','cancelled') NOT NULL DEFAULT 'pending',
  `reservation_date` timestamp NOT NULL DEFAULT current_timestamp()
) ENGINE=InnoDB DEFAULT CHARSET=utf8mb4 COLLATE=utf8mb4_general_ci;

--
-- Dumping data for table `reservations`
--

INSERT INTO `reservations` (`reservation_id`, `user_id`, `schedule_id`, `total_amount`, `status`, `reservation_date`) VALUES
(1, 1, 1, 700.00, 'confirmed', '2026-07-17 15:45:21'),
(2, 1, 7, 1900.00, 'confirmed', '2026-07-17 23:02:13'),
(3, 1, 3, 300.00, 'confirmed', '2026-07-17 23:02:13');

-- --------------------------------------------------------

--
-- Table structure for table `reservation_seats`
--

CREATE TABLE `reservation_seats` (
  `reservation_seat_id` int(11) NOT NULL,
  `reservation_id` int(11) NOT NULL,
  `seat_id` int(11) NOT NULL
) ENGINE=InnoDB DEFAULT CHARSET=utf8mb4 COLLATE=utf8mb4_general_ci;

--
-- Dumping data for table `reservation_seats`
--

INSERT INTO `reservation_seats` (`reservation_seat_id`, `reservation_id`, `seat_id`) VALUES
(1, 1, 1),
(2, 1, 2),
(4, 2, 1561),
(5, 2, 1562),
(6, 2, 1563),
(7, 2, 1564),
(8, 2, 1565),
(9, 3, 121);

-- --------------------------------------------------------

--
-- Table structure for table `schedules`
--

CREATE TABLE `schedules` (
  `schedule_id` int(11) NOT NULL,
  `movie_id` int(11) NOT NULL,
  `screen_id` int(11) NOT NULL,
  `show_date` date NOT NULL,
  `show_time` time NOT NULL,
  `ticket_price` decimal(8,2) NOT NULL,
  `created_at` timestamp NOT NULL DEFAULT current_timestamp()
) ENGINE=InnoDB DEFAULT CHARSET=utf8mb4 COLLATE=utf8mb4_general_ci;

--
-- Dumping data for table `schedules`
--

INSERT INTO `schedules` (`schedule_id`, `movie_id`, `screen_id`, `show_date`, `show_time`, `ticket_price`, `created_at`) VALUES
(1, 1, 1, '2026-07-18', '13:00:00', 350.00, '2026-07-17 15:45:07'),
(2, 1, 1, '2026-07-18', '19:00:00', 400.00, '2026-07-17 15:45:07'),
(3, 2, 2, '2026-07-18', '10:30:00', 300.00, '2026-07-17 15:45:07'),
(4, 2, 2, '2026-07-18', '14:00:00', 300.00, '2026-07-17 15:45:07'),
(5, 3, 3, '2026-07-18', '12:00:00', 350.00, '2026-07-17 15:45:07'),
(6, 4, 13, '2026-07-29', '18:00:00', 400.00, '2026-07-17 15:45:07'),
(7, 5, 14, '2026-07-25', '20:00:00', 380.00, '2026-07-17 15:45:07');

-- --------------------------------------------------------

--
-- Table structure for table `screens`
--

CREATE TABLE `screens` (
  `screen_id` int(11) NOT NULL,
  `theater_id` int(11) NOT NULL,
  `screen_name` varchar(50) NOT NULL,
  `total_seats` int(11) NOT NULL,
  `created_at` timestamp NOT NULL DEFAULT current_timestamp()
) ENGINE=InnoDB DEFAULT CHARSET=utf8mb4 COLLATE=utf8mb4_general_ci;

--
-- Dumping data for table `screens`
--

INSERT INTO `screens` (`screen_id`, `theater_id`, `screen_name`, `total_seats`, `created_at`) VALUES
(1, 1, 'Screen 1', 120, '2026-07-17 15:42:01'),
(2, 1, 'Screen 2', 120, '2026-07-17 15:42:01'),
(3, 1, 'Screen 3', 120, '2026-07-17 15:42:01'),
(4, 1, 'Screen 4', 120, '2026-07-17 15:42:01'),
(5, 1, 'Screen 5', 120, '2026-07-17 15:42:01'),
(6, 1, 'Screen 6', 120, '2026-07-17 15:42:01'),
(7, 2, 'Screen 1', 120, '2026-07-17 15:42:01'),
(8, 2, 'Screen 2', 120, '2026-07-17 15:42:01'),
(9, 2, 'Screen 3', 120, '2026-07-17 15:42:01'),
(10, 2, 'Screen 4', 120, '2026-07-17 15:42:01'),
(11, 2, 'Screen 5', 120, '2026-07-17 15:42:01'),
(12, 2, 'Screen 6', 120, '2026-07-17 15:42:01'),
(13, 3, 'Screen 1', 120, '2026-07-17 15:42:01'),
(14, 3, 'Screen 2', 120, '2026-07-17 15:42:01'),
(15, 3, 'Screen 3', 120, '2026-07-17 15:42:01'),
(16, 3, 'Screen 4', 120, '2026-07-17 15:42:01'),
(17, 3, 'Screen 5', 120, '2026-07-17 15:42:01'),
(18, 3, 'Screen 6', 120, '2026-07-17 15:42:01');

-- --------------------------------------------------------

--
-- Table structure for table `seats`
--

CREATE TABLE `seats` (
  `seat_id` int(11) NOT NULL,
  `screen_id` int(11) NOT NULL,
  `seat_row` varchar(5) NOT NULL,
  `seat_number` int(11) NOT NULL,
  `seat_type` enum('regular','premium','vip') NOT NULL DEFAULT 'regular',
  `created_at` timestamp NOT NULL DEFAULT current_timestamp()
) ENGINE=InnoDB DEFAULT CHARSET=utf8mb4 COLLATE=utf8mb4_general_ci;

--
-- Dumping data for table `seats`
--

INSERT INTO `seats` (`seat_id`, `screen_id`, `seat_row`, `seat_number`, `seat_type`, `created_at`) VALUES
(1, 1, 'A', 1, 'regular', '2026-07-17 15:42:01'),
(2, 1, 'A', 2, 'regular', '2026-07-17 15:42:01'),
(3, 1, 'A', 3, 'regular', '2026-07-17 15:42:01'),
(4, 1, 'A', 4, 'regular', '2026-07-17 15:42:01'),
(5, 1, 'A', 5, 'regular', '2026-07-17 15:42:01'),
(6, 1, 'A', 6, 'regular', '2026-07-17 15:42:01'),
(7, 1, 'A', 7, 'regular', '2026-07-17 15:42:02'),
(8, 1, 'A', 8, 'regular', '2026-07-17 15:42:02'),
(9, 1, 'A', 9, 'regular', '2026-07-17 15:42:02'),
(10, 1, 'A', 10, 'regular', '2026-07-17 15:42:02'),
(11, 1, 'A', 11, 'regular', '2026-07-17 15:42:02'),
(12, 1, 'A', 12, 'regular', '2026-07-17 15:42:02'),
(13, 1, 'B', 1, 'regular', '2026-07-17 15:42:02'),
(14, 1, 'B', 2, 'regular', '2026-07-17 15:42:02'),
(15, 1, 'B', 3, 'regular', '2026-07-17 15:42:02'),
(16, 1, 'B', 4, 'regular', '2026-07-17 15:42:02'),
(17, 1, 'B', 5, 'regular', '2026-07-17 15:42:02'),
(18, 1, 'B', 6, 'regular', '2026-07-17 15:42:02'),
(19, 1, 'B', 7, 'regular', '2026-07-17 15:42:02'),
(20, 1, 'B', 8, 'regular', '2026-07-17 15:42:02'),
(21, 1, 'B', 9, 'regular', '2026-07-17 15:42:03'),
(22, 1, 'B', 10, 'regular', '2026-07-17 15:42:03'),
(23, 1, 'B', 11, 'regular', '2026-07-17 15:42:03'),
(24, 1, 'B', 12, 'regular', '2026-07-17 15:42:03'),
(25, 1, 'C', 1, 'regular', '2026-07-17 15:42:03'),
(26, 1, 'C', 2, 'regular', '2026-07-17 15:42:03'),
(27, 1, 'C', 3, 'regular', '2026-07-17 15:42:03'),
(28, 1, 'C', 4, 'regular', '2026-07-17 15:42:03'),
(29, 1, 'C', 5, 'regular', '2026-07-17 15:42:03'),
(30, 1, 'C', 6, 'regular', '2026-07-17 15:42:03'),
(31, 1, 'C', 7, 'regular', '2026-07-17 15:42:03'),
(32, 1, 'C', 8, 'regular', '2026-07-17 15:42:03'),
(33, 1, 'C', 9, 'regular', '2026-07-17 15:42:03'),
(34, 1, 'C', 10, 'regular', '2026-07-17 15:42:03'),
(35, 1, 'C', 11, 'regular', '2026-07-17 15:42:03'),
(36, 1, 'C', 12, 'regular', '2026-07-17 15:42:03'),
(37, 1, 'D', 1, 'regular', '2026-07-17 15:42:03'),
(38, 1, 'D', 2, 'regular', '2026-07-17 15:42:03'),
(39, 1, 'D', 3, 'regular', '2026-07-17 15:42:03'),
(40, 1, 'D', 4, 'regular', '2026-07-17 15:42:03'),
(41, 1, 'D', 5, 'regular', '2026-07-17 15:42:03'),
(42, 1, 'D', 6, 'regular', '2026-07-17 15:42:04'),
(43, 1, 'D', 7, 'regular', '2026-07-17 15:42:04'),
(44, 1, 'D', 8, 'regular', '2026-07-17 15:42:04'),
(45, 1, 'D', 9, 'regular', '2026-07-17 15:42:04'),
(46, 1, 'D', 10, 'regular', '2026-07-17 15:42:04'),
(47, 1, 'D', 11, 'regular', '2026-07-17 15:42:04'),
(48, 1, 'D', 12, 'regular', '2026-07-17 15:42:04'),
(49, 1, 'E', 1, 'regular', '2026-07-17 15:42:04'),
(50, 1, 'E', 2, 'regular', '2026-07-17 15:42:04'),
(51, 1, 'E', 3, 'regular', '2026-07-17 15:42:04'),
(52, 1, 'E', 4, 'regular', '2026-07-17 15:42:04'),
(53, 1, 'E', 5, 'regular', '2026-07-17 15:42:04'),
(54, 1, 'E', 6, 'regular', '2026-07-17 15:42:04'),
(55, 1, 'E', 7, 'regular', '2026-07-17 15:42:04'),
(56, 1, 'E', 8, 'regular', '2026-07-17 15:42:04'),
(57, 1, 'E', 9, 'regular', '2026-07-17 15:42:04'),
(58, 1, 'E', 10, 'regular', '2026-07-17 15:42:04'),
(59, 1, 'E', 11, 'regular', '2026-07-17 15:42:04'),
(60, 1, 'E', 12, 'regular', '2026-07-17 15:42:04'),
(61, 1, 'F', 1, 'regular', '2026-07-17 15:42:04'),
(62, 1, 'F', 2, 'regular', '2026-07-17 15:42:04'),
(63, 1, 'F', 3, 'regular', '2026-07-17 15:42:04'),
(64, 1, 'F', 4, 'regular', '2026-07-17 15:42:04'),
(65, 1, 'F', 5, 'regular', '2026-07-17 15:42:04'),
(66, 1, 'F', 6, 'regular', '2026-07-17 15:42:05'),
(67, 1, 'F', 7, 'regular', '2026-07-17 15:42:05'),
(68, 1, 'F', 8, 'regular', '2026-07-17 15:42:05'),
(69, 1, 'F', 9, 'regular', '2026-07-17 15:42:05'),
(70, 1, 'F', 10, 'regular', '2026-07-17 15:42:05'),
(71, 1, 'F', 11, 'regular', '2026-07-17 15:42:05'),
(72, 1, 'F', 12, 'regular', '2026-07-17 15:42:05'),
(73, 1, 'G', 1, 'regular', '2026-07-17 15:42:05'),
(74, 1, 'G', 2, 'regular', '2026-07-17 15:42:05'),
(75, 1, 'G', 3, 'regular', '2026-07-17 15:42:05'),
(76, 1, 'G', 4, 'regular', '2026-07-17 15:42:05'),
(77, 1, 'G', 5, 'regular', '2026-07-17 15:42:05'),
(78, 1, 'G', 6, 'regular', '2026-07-17 15:42:05'),
(79, 1, 'G', 7, 'regular', '2026-07-17 15:42:05'),
(80, 1, 'G', 8, 'regular', '2026-07-17 15:42:05'),
(81, 1, 'G', 9, 'regular', '2026-07-17 15:42:05'),
(82, 1, 'G', 10, 'regular', '2026-07-17 15:42:05'),
(83, 1, 'G', 11, 'regular', '2026-07-17 15:42:05'),
(84, 1, 'G', 12, 'regular', '2026-07-17 15:42:05'),
(85, 1, 'H', 1, 'regular', '2026-07-17 15:42:05'),
(86, 1, 'H', 2, 'regular', '2026-07-17 15:42:05'),
(87, 1, 'H', 3, 'regular', '2026-07-17 15:42:05'),
(88, 1, 'H', 4, 'regular', '2026-07-17 15:42:06'),
(89, 1, 'H', 5, 'regular', '2026-07-17 15:42:06'),
(90, 1, 'H', 6, 'regular', '2026-07-17 15:42:06'),
(91, 1, 'H', 7, 'regular', '2026-07-17 15:42:06'),
(92, 1, 'H', 8, 'regular', '2026-07-17 15:42:06'),
(93, 1, 'H', 9, 'regular', '2026-07-17 15:42:06'),
(94, 1, 'H', 10, 'regular', '2026-07-17 15:42:06'),
(95, 1, 'H', 11, 'regular', '2026-07-17 15:42:06'),
(96, 1, 'H', 12, 'regular', '2026-07-17 15:42:06'),
(97, 1, 'I', 1, 'premium', '2026-07-17 15:42:06'),
(98, 1, 'I', 2, 'premium', '2026-07-17 15:42:06'),
(99, 1, 'I', 3, 'premium', '2026-07-17 15:42:06'),
(100, 1, 'I', 4, 'premium', '2026-07-17 15:42:06'),
(101, 1, 'I', 5, 'premium', '2026-07-17 15:42:06'),
(102, 1, 'I', 6, 'premium', '2026-07-17 15:42:06'),
(103, 1, 'I', 7, 'premium', '2026-07-17 15:42:06'),
(104, 1, 'I', 8, 'premium', '2026-07-17 15:42:06'),
(105, 1, 'I', 9, 'premium', '2026-07-17 15:42:06'),
(106, 1, 'I', 10, 'premium', '2026-07-17 15:42:07'),
(107, 1, 'I', 11, 'premium', '2026-07-17 15:42:07'),
(108, 1, 'I', 12, 'premium', '2026-07-17 15:42:07'),
(109, 1, 'J', 1, 'vip', '2026-07-17 15:42:07'),
(110, 1, 'J', 2, 'vip', '2026-07-17 15:42:07'),
(111, 1, 'J', 3, 'vip', '2026-07-17 15:42:07'),
(112, 1, 'J', 4, 'vip', '2026-07-17 15:42:07'),
(113, 1, 'J', 5, 'vip', '2026-07-17 15:42:07'),
(114, 1, 'J', 6, 'vip', '2026-07-17 15:42:07'),
(115, 1, 'J', 7, 'vip', '2026-07-17 15:42:07'),
(116, 1, 'J', 8, 'vip', '2026-07-17 15:42:07'),
(117, 1, 'J', 9, 'vip', '2026-07-17 15:42:07'),
(118, 1, 'J', 10, 'vip', '2026-07-17 15:42:07'),
(119, 1, 'J', 11, 'vip', '2026-07-17 15:42:07'),
(120, 1, 'J', 12, 'vip', '2026-07-17 15:42:07'),
(121, 2, 'A', 1, 'regular', '2026-07-17 15:42:07'),
(122, 2, 'A', 2, 'regular', '2026-07-17 15:42:07'),
(123, 2, 'A', 3, 'regular', '2026-07-17 15:42:07'),
(124, 2, 'A', 4, 'regular', '2026-07-17 15:42:07'),
(125, 2, 'A', 5, 'regular', '2026-07-17 15:42:07'),
(126, 2, 'A', 6, 'regular', '2026-07-17 15:42:07'),
(127, 2, 'A', 7, 'regular', '2026-07-17 15:42:08'),
(128, 2, 'A', 8, 'regular', '2026-07-17 15:42:08'),
(129, 2, 'A', 9, 'regular', '2026-07-17 15:42:08'),
(130, 2, 'A', 10, 'regular', '2026-07-17 15:42:08'),
(131, 2, 'A', 11, 'regular', '2026-07-17 15:42:08'),
(132, 2, 'A', 12, 'regular', '2026-07-17 15:42:08'),
(133, 2, 'B', 1, 'regular', '2026-07-17 15:42:08'),
(134, 2, 'B', 2, 'regular', '2026-07-17 15:42:08'),
(135, 2, 'B', 3, 'regular', '2026-07-17 15:42:08'),
(136, 2, 'B', 4, 'regular', '2026-07-17 15:42:08'),
(137, 2, 'B', 5, 'regular', '2026-07-17 15:42:08'),
(138, 2, 'B', 6, 'regular', '2026-07-17 15:42:08'),
(139, 2, 'B', 7, 'regular', '2026-07-17 15:42:08'),
(140, 2, 'B', 8, 'regular', '2026-07-17 15:42:08'),
(141, 2, 'B', 9, 'regular', '2026-07-17 15:42:08'),
(142, 2, 'B', 10, 'regular', '2026-07-17 15:42:08'),
(143, 2, 'B', 11, 'regular', '2026-07-17 15:42:09'),
(144, 2, 'B', 12, 'regular', '2026-07-17 15:42:09'),
(145, 2, 'C', 1, 'regular', '2026-07-17 15:42:09'),
(146, 2, 'C', 2, 'regular', '2026-07-17 15:42:09'),
(147, 2, 'C', 3, 'regular', '2026-07-17 15:42:09'),
(148, 2, 'C', 4, 'regular', '2026-07-17 15:42:09'),
(149, 2, 'C', 5, 'regular', '2026-07-17 15:42:09'),
(150, 2, 'C', 6, 'regular', '2026-07-17 15:42:09'),
(151, 2, 'C', 7, 'regular', '2026-07-17 15:42:09'),
(152, 2, 'C', 8, 'regular', '2026-07-17 15:42:09'),
(153, 2, 'C', 9, 'regular', '2026-07-17 15:42:09'),
(154, 2, 'C', 10, 'regular', '2026-07-17 15:42:09'),
(155, 2, 'C', 11, 'regular', '2026-07-17 15:42:09'),
(156, 2, 'C', 12, 'regular', '2026-07-17 15:42:09'),
(157, 2, 'D', 1, 'regular', '2026-07-17 15:42:09'),
(158, 2, 'D', 2, 'regular', '2026-07-17 15:42:09'),
(159, 2, 'D', 3, 'regular', '2026-07-17 15:42:09'),
(160, 2, 'D', 4, 'regular', '2026-07-17 15:42:10'),
(161, 2, 'D', 5, 'regular', '2026-07-17 15:42:10'),
(162, 2, 'D', 6, 'regular', '2026-07-17 15:42:10'),
(163, 2, 'D', 7, 'regular', '2026-07-17 15:42:10'),
(164, 2, 'D', 8, 'regular', '2026-07-17 15:42:10'),
(165, 2, 'D', 9, 'regular', '2026-07-17 15:42:10'),
(166, 2, 'D', 10, 'regular', '2026-07-17 15:42:10'),
(167, 2, 'D', 11, 'regular', '2026-07-17 15:42:10'),
(168, 2, 'D', 12, 'regular', '2026-07-17 15:42:10'),
(169, 2, 'E', 1, 'regular', '2026-07-17 15:42:10'),
(170, 2, 'E', 2, 'regular', '2026-07-17 15:42:10'),
(171, 2, 'E', 3, 'regular', '2026-07-17 15:42:10'),
(172, 2, 'E', 4, 'regular', '2026-07-17 15:42:10'),
(173, 2, 'E', 5, 'regular', '2026-07-17 15:42:10'),
(174, 2, 'E', 6, 'regular', '2026-07-17 15:42:10'),
(175, 2, 'E', 7, 'regular', '2026-07-17 15:42:10'),
(176, 2, 'E', 8, 'regular', '2026-07-17 15:42:10'),
(177, 2, 'E', 9, 'regular', '2026-07-17 15:42:10'),
(178, 2, 'E', 10, 'regular', '2026-07-17 15:42:10'),
(179, 2, 'E', 11, 'regular', '2026-07-17 15:42:10'),
(180, 2, 'E', 12, 'regular', '2026-07-17 15:42:10'),
(181, 2, 'F', 1, 'regular', '2026-07-17 15:42:10'),
(182, 2, 'F', 2, 'regular', '2026-07-17 15:42:10'),
(183, 2, 'F', 3, 'regular', '2026-07-17 15:42:11'),
(184, 2, 'F', 4, 'regular', '2026-07-17 15:42:11'),
(185, 2, 'F', 5, 'regular', '2026-07-17 15:42:11'),
(186, 2, 'F', 6, 'regular', '2026-07-17 15:42:11'),
(187, 2, 'F', 7, 'regular', '2026-07-17 15:42:11'),
(188, 2, 'F', 8, 'regular', '2026-07-17 15:42:11'),
(189, 2, 'F', 9, 'regular', '2026-07-17 15:42:11'),
(190, 2, 'F', 10, 'regular', '2026-07-17 15:42:11'),
(191, 2, 'F', 11, 'regular', '2026-07-17 15:42:11'),
(192, 2, 'F', 12, 'regular', '2026-07-17 15:42:11'),
(193, 2, 'G', 1, 'regular', '2026-07-17 15:42:11'),
(194, 2, 'G', 2, 'regular', '2026-07-17 15:42:11'),
(195, 2, 'G', 3, 'regular', '2026-07-17 15:42:11'),
(196, 2, 'G', 4, 'regular', '2026-07-17 15:42:11'),
(197, 2, 'G', 5, 'regular', '2026-07-17 15:42:11'),
(198, 2, 'G', 6, 'regular', '2026-07-17 15:42:11'),
(199, 2, 'G', 7, 'regular', '2026-07-17 15:42:11'),
(200, 2, 'G', 8, 'regular', '2026-07-17 15:42:11'),
(201, 2, 'G', 9, 'regular', '2026-07-17 15:42:12'),
(202, 2, 'G', 10, 'regular', '2026-07-17 15:42:12'),
(203, 2, 'G', 11, 'regular', '2026-07-17 15:42:12'),
(204, 2, 'G', 12, 'regular', '2026-07-17 15:42:12'),
(205, 2, 'H', 1, 'regular', '2026-07-17 15:42:12'),
(206, 2, 'H', 2, 'regular', '2026-07-17 15:42:12'),
(207, 2, 'H', 3, 'regular', '2026-07-17 15:42:12'),
(208, 2, 'H', 4, 'regular', '2026-07-17 15:42:12'),
(209, 2, 'H', 5, 'regular', '2026-07-17 15:42:12'),
(210, 2, 'H', 6, 'regular', '2026-07-17 15:42:12'),
(211, 2, 'H', 7, 'regular', '2026-07-17 15:42:12'),
(212, 2, 'H', 8, 'regular', '2026-07-17 15:42:12'),
(213, 2, 'H', 9, 'regular', '2026-07-17 15:42:12'),
(214, 2, 'H', 10, 'regular', '2026-07-17 15:42:12'),
(215, 2, 'H', 11, 'regular', '2026-07-17 15:42:12'),
(216, 2, 'H', 12, 'regular', '2026-07-17 15:42:12'),
(217, 2, 'I', 1, 'premium', '2026-07-17 15:42:12'),
(218, 2, 'I', 2, 'premium', '2026-07-17 15:42:12'),
(219, 2, 'I', 3, 'premium', '2026-07-17 15:42:12'),
(220, 2, 'I', 4, 'premium', '2026-07-17 15:42:12'),
(221, 2, 'I', 5, 'premium', '2026-07-17 15:42:12'),
(222, 2, 'I', 6, 'premium', '2026-07-17 15:42:12'),
(223, 2, 'I', 7, 'premium', '2026-07-17 15:42:12'),
(224, 2, 'I', 8, 'premium', '2026-07-17 15:42:13'),
(225, 2, 'I', 9, 'premium', '2026-07-17 15:42:13'),
(226, 2, 'I', 10, 'premium', '2026-07-17 15:42:13'),
(227, 2, 'I', 11, 'premium', '2026-07-17 15:42:13'),
(228, 2, 'I', 12, 'premium', '2026-07-17 15:42:13'),
(229, 2, 'J', 1, 'vip', '2026-07-17 15:42:13'),
(230, 2, 'J', 2, 'vip', '2026-07-17 15:42:13'),
(231, 2, 'J', 3, 'vip', '2026-07-17 15:42:13'),
(232, 2, 'J', 4, 'vip', '2026-07-17 15:42:13'),
(233, 2, 'J', 5, 'vip', '2026-07-17 15:42:13'),
(234, 2, 'J', 6, 'vip', '2026-07-17 15:42:13'),
(235, 2, 'J', 7, 'vip', '2026-07-17 15:42:13'),
(236, 2, 'J', 8, 'vip', '2026-07-17 15:42:13'),
(237, 2, 'J', 9, 'vip', '2026-07-17 15:42:13'),
(238, 2, 'J', 10, 'vip', '2026-07-17 15:42:14'),
(239, 2, 'J', 11, 'vip', '2026-07-17 15:42:14'),
(240, 2, 'J', 12, 'vip', '2026-07-17 15:42:14'),
(241, 3, 'A', 1, 'regular', '2026-07-17 15:42:14'),
(242, 3, 'A', 2, 'regular', '2026-07-17 15:42:14'),
(243, 3, 'A', 3, 'regular', '2026-07-17 15:42:14'),
(244, 3, 'A', 4, 'regular', '2026-07-17 15:42:14'),
(245, 3, 'A', 5, 'regular', '2026-07-17 15:42:14'),
(246, 3, 'A', 6, 'regular', '2026-07-17 15:42:14'),
(247, 3, 'A', 7, 'regular', '2026-07-17 15:42:14'),
(248, 3, 'A', 8, 'regular', '2026-07-17 15:42:14'),
(249, 3, 'A', 9, 'regular', '2026-07-17 15:42:14'),
(250, 3, 'A', 10, 'regular', '2026-07-17 15:42:14'),
(251, 3, 'A', 11, 'regular', '2026-07-17 15:42:14'),
(252, 3, 'A', 12, 'regular', '2026-07-17 15:42:14'),
(253, 3, 'B', 1, 'regular', '2026-07-17 15:42:14'),
(254, 3, 'B', 2, 'regular', '2026-07-17 15:42:14'),
(255, 3, 'B', 3, 'regular', '2026-07-17 15:42:14'),
(256, 3, 'B', 4, 'regular', '2026-07-17 15:42:14'),
(257, 3, 'B', 5, 'regular', '2026-07-17 15:42:15'),
(258, 3, 'B', 6, 'regular', '2026-07-17 15:42:15'),
(259, 3, 'B', 7, 'regular', '2026-07-17 15:42:15'),
(260, 3, 'B', 8, 'regular', '2026-07-17 15:42:15'),
(261, 3, 'B', 9, 'regular', '2026-07-17 15:42:15'),
(262, 3, 'B', 10, 'regular', '2026-07-17 15:42:15'),
(263, 3, 'B', 11, 'regular', '2026-07-17 15:42:15'),
(264, 3, 'B', 12, 'regular', '2026-07-17 15:42:15'),
(265, 3, 'C', 1, 'regular', '2026-07-17 15:42:15'),
(266, 3, 'C', 2, 'regular', '2026-07-17 15:42:15'),
(267, 3, 'C', 3, 'regular', '2026-07-17 15:42:15'),
(268, 3, 'C', 4, 'regular', '2026-07-17 15:42:15'),
(269, 3, 'C', 5, 'regular', '2026-07-17 15:42:15'),
(270, 3, 'C', 6, 'regular', '2026-07-17 15:42:15'),
(271, 3, 'C', 7, 'regular', '2026-07-17 15:42:16'),
(272, 3, 'C', 8, 'regular', '2026-07-17 15:42:16'),
(273, 3, 'C', 9, 'regular', '2026-07-17 15:42:16'),
(274, 3, 'C', 10, 'regular', '2026-07-17 15:42:16'),
(275, 3, 'C', 11, 'regular', '2026-07-17 15:42:16'),
(276, 3, 'C', 12, 'regular', '2026-07-17 15:42:16'),
(277, 3, 'D', 1, 'regular', '2026-07-17 15:42:16'),
(278, 3, 'D', 2, 'regular', '2026-07-17 15:42:16'),
(279, 3, 'D', 3, 'regular', '2026-07-17 15:42:16'),
(280, 3, 'D', 4, 'regular', '2026-07-17 15:42:16'),
(281, 3, 'D', 5, 'regular', '2026-07-17 15:42:16'),
(282, 3, 'D', 6, 'regular', '2026-07-17 15:42:16'),
(283, 3, 'D', 7, 'regular', '2026-07-17 15:42:16'),
(284, 3, 'D', 8, 'regular', '2026-07-17 15:42:17'),
(285, 3, 'D', 9, 'regular', '2026-07-17 15:42:17'),
(286, 3, 'D', 10, 'regular', '2026-07-17 15:42:17'),
(287, 3, 'D', 11, 'regular', '2026-07-17 15:42:17'),
(288, 3, 'D', 12, 'regular', '2026-07-17 15:42:17'),
(289, 3, 'E', 1, 'regular', '2026-07-17 15:42:17'),
(290, 3, 'E', 2, 'regular', '2026-07-17 15:42:17'),
(291, 3, 'E', 3, 'regular', '2026-07-17 15:42:17'),
(292, 3, 'E', 4, 'regular', '2026-07-17 15:42:17'),
(293, 3, 'E', 5, 'regular', '2026-07-17 15:42:17'),
(294, 3, 'E', 6, 'regular', '2026-07-17 15:42:17'),
(295, 3, 'E', 7, 'regular', '2026-07-17 15:42:17'),
(296, 3, 'E', 8, 'regular', '2026-07-17 15:42:17'),
(297, 3, 'E', 9, 'regular', '2026-07-17 15:42:17'),
(298, 3, 'E', 10, 'regular', '2026-07-17 15:42:17'),
(299, 3, 'E', 11, 'regular', '2026-07-17 15:42:17'),
(300, 3, 'E', 12, 'regular', '2026-07-17 15:42:17'),
(301, 3, 'F', 1, 'regular', '2026-07-17 15:42:17'),
(302, 3, 'F', 2, 'regular', '2026-07-17 15:42:17'),
(303, 3, 'F', 3, 'regular', '2026-07-17 15:42:17'),
(304, 3, 'F', 4, 'regular', '2026-07-17 15:42:17'),
(305, 3, 'F', 5, 'regular', '2026-07-17 15:42:18'),
(306, 3, 'F', 6, 'regular', '2026-07-17 15:42:18'),
(307, 3, 'F', 7, 'regular', '2026-07-17 15:42:18'),
(308, 3, 'F', 8, 'regular', '2026-07-17 15:42:18'),
(309, 3, 'F', 9, 'regular', '2026-07-17 15:42:18'),
(310, 3, 'F', 10, 'regular', '2026-07-17 15:42:18'),
(311, 3, 'F', 11, 'regular', '2026-07-17 15:42:18'),
(312, 3, 'F', 12, 'regular', '2026-07-17 15:42:18'),
(313, 3, 'G', 1, 'regular', '2026-07-17 15:42:18'),
(314, 3, 'G', 2, 'regular', '2026-07-17 15:42:18'),
(315, 3, 'G', 3, 'regular', '2026-07-17 15:42:18'),
(316, 3, 'G', 4, 'regular', '2026-07-17 15:42:18'),
(317, 3, 'G', 5, 'regular', '2026-07-17 15:42:18'),
(318, 3, 'G', 6, 'regular', '2026-07-17 15:42:18'),
(319, 3, 'G', 7, 'regular', '2026-07-17 15:42:18'),
(320, 3, 'G', 8, 'regular', '2026-07-17 15:42:18'),
(321, 3, 'G', 9, 'regular', '2026-07-17 15:42:18'),
(322, 3, 'G', 10, 'regular', '2026-07-17 15:42:18'),
(323, 3, 'G', 11, 'regular', '2026-07-17 15:42:18'),
(324, 3, 'G', 12, 'regular', '2026-07-17 15:42:18'),
(325, 3, 'H', 1, 'regular', '2026-07-17 15:42:19'),
(326, 3, 'H', 2, 'regular', '2026-07-17 15:42:19'),
(327, 3, 'H', 3, 'regular', '2026-07-17 15:42:19'),
(328, 3, 'H', 4, 'regular', '2026-07-17 15:42:19'),
(329, 3, 'H', 5, 'regular', '2026-07-17 15:42:19'),
(330, 3, 'H', 6, 'regular', '2026-07-17 15:42:19'),
(331, 3, 'H', 7, 'regular', '2026-07-17 15:42:19'),
(332, 3, 'H', 8, 'regular', '2026-07-17 15:42:19'),
(333, 3, 'H', 9, 'regular', '2026-07-17 15:42:19'),
(334, 3, 'H', 10, 'regular', '2026-07-17 15:42:19'),
(335, 3, 'H', 11, 'regular', '2026-07-17 15:42:19'),
(336, 3, 'H', 12, 'regular', '2026-07-17 15:42:19'),
(337, 3, 'I', 1, 'premium', '2026-07-17 15:42:19'),
(338, 3, 'I', 2, 'premium', '2026-07-17 15:42:19'),
(339, 3, 'I', 3, 'premium', '2026-07-17 15:42:19'),
(340, 3, 'I', 4, 'premium', '2026-07-17 15:42:19'),
(341, 3, 'I', 5, 'premium', '2026-07-17 15:42:20'),
(342, 3, 'I', 6, 'premium', '2026-07-17 15:42:20'),
(343, 3, 'I', 7, 'premium', '2026-07-17 15:42:20'),
(344, 3, 'I', 8, 'premium', '2026-07-17 15:42:20'),
(345, 3, 'I', 9, 'premium', '2026-07-17 15:42:20'),
(346, 3, 'I', 10, 'premium', '2026-07-17 15:42:20'),
(347, 3, 'I', 11, 'premium', '2026-07-17 15:42:20'),
(348, 3, 'I', 12, 'premium', '2026-07-17 15:42:20'),
(349, 3, 'J', 1, 'vip', '2026-07-17 15:42:20'),
(350, 3, 'J', 2, 'vip', '2026-07-17 15:42:20'),
(351, 3, 'J', 3, 'vip', '2026-07-17 15:42:20'),
(352, 3, 'J', 4, 'vip', '2026-07-17 15:42:20'),
(353, 3, 'J', 5, 'vip', '2026-07-17 15:42:20'),
(354, 3, 'J', 6, 'vip', '2026-07-17 15:42:20'),
(355, 3, 'J', 7, 'vip', '2026-07-17 15:42:20'),
(356, 3, 'J', 8, 'vip', '2026-07-17 15:42:20'),
(357, 3, 'J', 9, 'vip', '2026-07-17 15:42:20'),
(358, 3, 'J', 10, 'vip', '2026-07-17 15:42:20'),
(359, 3, 'J', 11, 'vip', '2026-07-17 15:42:20'),
(360, 3, 'J', 12, 'vip', '2026-07-17 15:42:21'),
(361, 4, 'A', 1, 'regular', '2026-07-17 15:42:21'),
(362, 4, 'A', 2, 'regular', '2026-07-17 15:42:21'),
(363, 4, 'A', 3, 'regular', '2026-07-17 15:42:21'),
(364, 4, 'A', 4, 'regular', '2026-07-17 15:42:21'),
(365, 4, 'A', 5, 'regular', '2026-07-17 15:42:21'),
(366, 4, 'A', 6, 'regular', '2026-07-17 15:42:21'),
(367, 4, 'A', 7, 'regular', '2026-07-17 15:42:21'),
(368, 4, 'A', 8, 'regular', '2026-07-17 15:42:21'),
(369, 4, 'A', 9, 'regular', '2026-07-17 15:42:21'),
(370, 4, 'A', 10, 'regular', '2026-07-17 15:42:21'),
(371, 4, 'A', 11, 'regular', '2026-07-17 15:42:21'),
(372, 4, 'A', 12, 'regular', '2026-07-17 15:42:22'),
(373, 4, 'B', 1, 'regular', '2026-07-17 15:42:22'),
(374, 4, 'B', 2, 'regular', '2026-07-17 15:42:22'),
(375, 4, 'B', 3, 'regular', '2026-07-17 15:42:22'),
(376, 4, 'B', 4, 'regular', '2026-07-17 15:42:22'),
(377, 4, 'B', 5, 'regular', '2026-07-17 15:42:22'),
(378, 4, 'B', 6, 'regular', '2026-07-17 15:42:22'),
(379, 4, 'B', 7, 'regular', '2026-07-17 15:42:22'),
(380, 4, 'B', 8, 'regular', '2026-07-17 15:42:22'),
(381, 4, 'B', 9, 'regular', '2026-07-17 15:42:22'),
(382, 4, 'B', 10, 'regular', '2026-07-17 15:42:23'),
(383, 4, 'B', 11, 'regular', '2026-07-17 15:42:23'),
(384, 4, 'B', 12, 'regular', '2026-07-17 15:42:23'),
(385, 4, 'C', 1, 'regular', '2026-07-17 15:42:23'),
(386, 4, 'C', 2, 'regular', '2026-07-17 15:42:23'),
(387, 4, 'C', 3, 'regular', '2026-07-17 15:42:23'),
(388, 4, 'C', 4, 'regular', '2026-07-17 15:42:23'),
(389, 4, 'C', 5, 'regular', '2026-07-17 15:42:23'),
(390, 4, 'C', 6, 'regular', '2026-07-17 15:42:24'),
(391, 4, 'C', 7, 'regular', '2026-07-17 15:42:24'),
(392, 4, 'C', 8, 'regular', '2026-07-17 15:42:24'),
(393, 4, 'C', 9, 'regular', '2026-07-17 15:42:24'),
(394, 4, 'C', 10, 'regular', '2026-07-17 15:42:24'),
(395, 4, 'C', 11, 'regular', '2026-07-17 15:42:24'),
(396, 4, 'C', 12, 'regular', '2026-07-17 15:42:24'),
(397, 4, 'D', 1, 'regular', '2026-07-17 15:42:24'),
(398, 4, 'D', 2, 'regular', '2026-07-17 15:42:24'),
(399, 4, 'D', 3, 'regular', '2026-07-17 15:42:24'),
(400, 4, 'D', 4, 'regular', '2026-07-17 15:42:24'),
(401, 4, 'D', 5, 'regular', '2026-07-17 15:42:25'),
(402, 4, 'D', 6, 'regular', '2026-07-17 15:42:25'),
(403, 4, 'D', 7, 'regular', '2026-07-17 15:42:25'),
(404, 4, 'D', 8, 'regular', '2026-07-17 15:42:25'),
(405, 4, 'D', 9, 'regular', '2026-07-17 15:42:25'),
(406, 4, 'D', 10, 'regular', '2026-07-17 15:42:25'),
(407, 4, 'D', 11, 'regular', '2026-07-17 15:42:25'),
(408, 4, 'D', 12, 'regular', '2026-07-17 15:42:25'),
(409, 4, 'E', 1, 'regular', '2026-07-17 15:42:25'),
(410, 4, 'E', 2, 'regular', '2026-07-17 15:42:25'),
(411, 4, 'E', 3, 'regular', '2026-07-17 15:42:25'),
(412, 4, 'E', 4, 'regular', '2026-07-17 15:42:25'),
(413, 4, 'E', 5, 'regular', '2026-07-17 15:42:25'),
(414, 4, 'E', 6, 'regular', '2026-07-17 15:42:25'),
(415, 4, 'E', 7, 'regular', '2026-07-17 15:42:25'),
(416, 4, 'E', 8, 'regular', '2026-07-17 15:42:25'),
(417, 4, 'E', 9, 'regular', '2026-07-17 15:42:26'),
(418, 4, 'E', 10, 'regular', '2026-07-17 15:42:26'),
(419, 4, 'E', 11, 'regular', '2026-07-17 15:42:26'),
(420, 4, 'E', 12, 'regular', '2026-07-17 15:42:26'),
(421, 4, 'F', 1, 'regular', '2026-07-17 15:42:26'),
(422, 4, 'F', 2, 'regular', '2026-07-17 15:42:26'),
(423, 4, 'F', 3, 'regular', '2026-07-17 15:42:26'),
(424, 4, 'F', 4, 'regular', '2026-07-17 15:42:26'),
(425, 4, 'F', 5, 'regular', '2026-07-17 15:42:26'),
(426, 4, 'F', 6, 'regular', '2026-07-17 15:42:27'),
(427, 4, 'F', 7, 'regular', '2026-07-17 15:42:27'),
(428, 4, 'F', 8, 'regular', '2026-07-17 15:42:27'),
(429, 4, 'F', 9, 'regular', '2026-07-17 15:42:27'),
(430, 4, 'F', 10, 'regular', '2026-07-17 15:42:27'),
(431, 4, 'F', 11, 'regular', '2026-07-17 15:42:27'),
(432, 4, 'F', 12, 'regular', '2026-07-17 15:42:27'),
(433, 4, 'G', 1, 'regular', '2026-07-17 15:42:27'),
(434, 4, 'G', 2, 'regular', '2026-07-17 15:42:27'),
(435, 4, 'G', 3, 'regular', '2026-07-17 15:42:27'),
(436, 4, 'G', 4, 'regular', '2026-07-17 15:42:27'),
(437, 4, 'G', 5, 'regular', '2026-07-17 15:42:27'),
(438, 4, 'G', 6, 'regular', '2026-07-17 15:42:27'),
(439, 4, 'G', 7, 'regular', '2026-07-17 15:42:27'),
(440, 4, 'G', 8, 'regular', '2026-07-17 15:42:28'),
(441, 4, 'G', 9, 'regular', '2026-07-17 15:42:28'),
(442, 4, 'G', 10, 'regular', '2026-07-17 15:42:28'),
(443, 4, 'G', 11, 'regular', '2026-07-17 15:42:28'),
(444, 4, 'G', 12, 'regular', '2026-07-17 15:42:28'),
(445, 4, 'H', 1, 'regular', '2026-07-17 15:42:28'),
(446, 4, 'H', 2, 'regular', '2026-07-17 15:42:28'),
(447, 4, 'H', 3, 'regular', '2026-07-17 15:42:28'),
(448, 4, 'H', 4, 'regular', '2026-07-17 15:42:28'),
(449, 4, 'H', 5, 'regular', '2026-07-17 15:42:28'),
(450, 4, 'H', 6, 'regular', '2026-07-17 15:42:29'),
(451, 4, 'H', 7, 'regular', '2026-07-17 15:42:29'),
(452, 4, 'H', 8, 'regular', '2026-07-17 15:42:29'),
(453, 4, 'H', 9, 'regular', '2026-07-17 15:42:29'),
(454, 4, 'H', 10, 'regular', '2026-07-17 15:42:29'),
(455, 4, 'H', 11, 'regular', '2026-07-17 15:42:29'),
(456, 4, 'H', 12, 'regular', '2026-07-17 15:42:29'),
(457, 4, 'I', 1, 'premium', '2026-07-17 15:42:29'),
(458, 4, 'I', 2, 'premium', '2026-07-17 15:42:29'),
(459, 4, 'I', 3, 'premium', '2026-07-17 15:42:29'),
(460, 4, 'I', 4, 'premium', '2026-07-17 15:42:29'),
(461, 4, 'I', 5, 'premium', '2026-07-17 15:42:29'),
(462, 4, 'I', 6, 'premium', '2026-07-17 15:42:29'),
(463, 4, 'I', 7, 'premium', '2026-07-17 15:42:29'),
(464, 4, 'I', 8, 'premium', '2026-07-17 15:42:29'),
(465, 4, 'I', 9, 'premium', '2026-07-17 15:42:29'),
(466, 4, 'I', 10, 'premium', '2026-07-17 15:42:29'),
(467, 4, 'I', 11, 'premium', '2026-07-17 15:42:29'),
(468, 4, 'I', 12, 'premium', '2026-07-17 15:42:29'),
(469, 4, 'J', 1, 'vip', '2026-07-17 15:42:30'),
(470, 4, 'J', 2, 'vip', '2026-07-17 15:42:30'),
(471, 4, 'J', 3, 'vip', '2026-07-17 15:42:30'),
(472, 4, 'J', 4, 'vip', '2026-07-17 15:42:30'),
(473, 4, 'J', 5, 'vip', '2026-07-17 15:42:30'),
(474, 4, 'J', 6, 'vip', '2026-07-17 15:42:30'),
(475, 4, 'J', 7, 'vip', '2026-07-17 15:42:30'),
(476, 4, 'J', 8, 'vip', '2026-07-17 15:42:30'),
(477, 4, 'J', 9, 'vip', '2026-07-17 15:42:30'),
(478, 4, 'J', 10, 'vip', '2026-07-17 15:42:30'),
(479, 4, 'J', 11, 'vip', '2026-07-17 15:42:30'),
(480, 4, 'J', 12, 'vip', '2026-07-17 15:42:30'),
(481, 5, 'A', 1, 'regular', '2026-07-17 15:42:30'),
(482, 5, 'A', 2, 'regular', '2026-07-17 15:42:30'),
(483, 5, 'A', 3, 'regular', '2026-07-17 15:42:30'),
(484, 5, 'A', 4, 'regular', '2026-07-17 15:42:30'),
(485, 5, 'A', 5, 'regular', '2026-07-17 15:42:31'),
(486, 5, 'A', 6, 'regular', '2026-07-17 15:42:31'),
(487, 5, 'A', 7, 'regular', '2026-07-17 15:42:31'),
(488, 5, 'A', 8, 'regular', '2026-07-17 15:42:31'),
(489, 5, 'A', 9, 'regular', '2026-07-17 15:42:31'),
(490, 5, 'A', 10, 'regular', '2026-07-17 15:42:31'),
(491, 5, 'A', 11, 'regular', '2026-07-17 15:42:31'),
(492, 5, 'A', 12, 'regular', '2026-07-17 15:42:31'),
(493, 5, 'B', 1, 'regular', '2026-07-17 15:42:31'),
(494, 5, 'B', 2, 'regular', '2026-07-17 15:42:31'),
(495, 5, 'B', 3, 'regular', '2026-07-17 15:42:31'),
(496, 5, 'B', 4, 'regular', '2026-07-17 15:42:31'),
(497, 5, 'B', 5, 'regular', '2026-07-17 15:42:31'),
(498, 5, 'B', 6, 'regular', '2026-07-17 15:42:31'),
(499, 5, 'B', 7, 'regular', '2026-07-17 15:42:31'),
(500, 5, 'B', 8, 'regular', '2026-07-17 15:42:31'),
(501, 5, 'B', 9, 'regular', '2026-07-17 15:42:31'),
(502, 5, 'B', 10, 'regular', '2026-07-17 15:42:32'),
(503, 5, 'B', 11, 'regular', '2026-07-17 15:42:32'),
(504, 5, 'B', 12, 'regular', '2026-07-17 15:42:32'),
(505, 5, 'C', 1, 'regular', '2026-07-17 15:42:32'),
(506, 5, 'C', 2, 'regular', '2026-07-17 15:42:32'),
(507, 5, 'C', 3, 'regular', '2026-07-17 15:42:32'),
(508, 5, 'C', 4, 'regular', '2026-07-17 15:42:32'),
(509, 5, 'C', 5, 'regular', '2026-07-17 15:42:32'),
(510, 5, 'C', 6, 'regular', '2026-07-17 15:42:32'),
(511, 5, 'C', 7, 'regular', '2026-07-17 15:42:32'),
(512, 5, 'C', 8, 'regular', '2026-07-17 15:42:32'),
(513, 5, 'C', 9, 'regular', '2026-07-17 15:42:32'),
(514, 5, 'C', 10, 'regular', '2026-07-17 15:42:32'),
(515, 5, 'C', 11, 'regular', '2026-07-17 15:42:33'),
(516, 5, 'C', 12, 'regular', '2026-07-17 15:42:33'),
(517, 5, 'D', 1, 'regular', '2026-07-17 15:42:33'),
(518, 5, 'D', 2, 'regular', '2026-07-17 15:42:33'),
(519, 5, 'D', 3, 'regular', '2026-07-17 15:42:33'),
(520, 5, 'D', 4, 'regular', '2026-07-17 15:42:33'),
(521, 5, 'D', 5, 'regular', '2026-07-17 15:42:33'),
(522, 5, 'D', 6, 'regular', '2026-07-17 15:42:33'),
(523, 5, 'D', 7, 'regular', '2026-07-17 15:42:33'),
(524, 5, 'D', 8, 'regular', '2026-07-17 15:42:33'),
(525, 5, 'D', 9, 'regular', '2026-07-17 15:42:33'),
(526, 5, 'D', 10, 'regular', '2026-07-17 15:42:33'),
(527, 5, 'D', 11, 'regular', '2026-07-17 15:42:33'),
(528, 5, 'D', 12, 'regular', '2026-07-17 15:42:33'),
(529, 5, 'E', 1, 'regular', '2026-07-17 15:42:33'),
(530, 5, 'E', 2, 'regular', '2026-07-17 15:42:33'),
(531, 5, 'E', 3, 'regular', '2026-07-17 15:42:34'),
(532, 5, 'E', 4, 'regular', '2026-07-17 15:42:34'),
(533, 5, 'E', 5, 'regular', '2026-07-17 15:42:34'),
(534, 5, 'E', 6, 'regular', '2026-07-17 15:42:34'),
(535, 5, 'E', 7, 'regular', '2026-07-17 15:42:34'),
(536, 5, 'E', 8, 'regular', '2026-07-17 15:42:34'),
(537, 5, 'E', 9, 'regular', '2026-07-17 15:42:34'),
(538, 5, 'E', 10, 'regular', '2026-07-17 15:42:34'),
(539, 5, 'E', 11, 'regular', '2026-07-17 15:42:34'),
(540, 5, 'E', 12, 'regular', '2026-07-17 15:42:34'),
(541, 5, 'F', 1, 'regular', '2026-07-17 15:42:34'),
(542, 5, 'F', 2, 'regular', '2026-07-17 15:42:35'),
(543, 5, 'F', 3, 'regular', '2026-07-17 15:42:35'),
(544, 5, 'F', 4, 'regular', '2026-07-17 15:42:35'),
(545, 5, 'F', 5, 'regular', '2026-07-17 15:42:35'),
(546, 5, 'F', 6, 'regular', '2026-07-17 15:42:35'),
(547, 5, 'F', 7, 'regular', '2026-07-17 15:42:35'),
(548, 5, 'F', 8, 'regular', '2026-07-17 15:42:35'),
(549, 5, 'F', 9, 'regular', '2026-07-17 15:42:35'),
(550, 5, 'F', 10, 'regular', '2026-07-17 15:42:35'),
(551, 5, 'F', 11, 'regular', '2026-07-17 15:42:36'),
(552, 5, 'F', 12, 'regular', '2026-07-17 15:42:36'),
(553, 5, 'G', 1, 'regular', '2026-07-17 15:42:36'),
(554, 5, 'G', 2, 'regular', '2026-07-17 15:42:36'),
(555, 5, 'G', 3, 'regular', '2026-07-17 15:42:36'),
(556, 5, 'G', 4, 'regular', '2026-07-17 15:42:36'),
(557, 5, 'G', 5, 'regular', '2026-07-17 15:42:36'),
(558, 5, 'G', 6, 'regular', '2026-07-17 15:42:36'),
(559, 5, 'G', 7, 'regular', '2026-07-17 15:42:36'),
(560, 5, 'G', 8, 'regular', '2026-07-17 15:42:36'),
(561, 5, 'G', 9, 'regular', '2026-07-17 15:42:36'),
(562, 5, 'G', 10, 'regular', '2026-07-17 15:42:36'),
(563, 5, 'G', 11, 'regular', '2026-07-17 15:42:36'),
(564, 5, 'G', 12, 'regular', '2026-07-17 15:42:36'),
(565, 5, 'H', 1, 'regular', '2026-07-17 15:42:36'),
(566, 5, 'H', 2, 'regular', '2026-07-17 15:42:37'),
(567, 5, 'H', 3, 'regular', '2026-07-17 15:42:37'),
(568, 5, 'H', 4, 'regular', '2026-07-17 15:42:37'),
(569, 5, 'H', 5, 'regular', '2026-07-17 15:42:37'),
(570, 5, 'H', 6, 'regular', '2026-07-17 15:42:37'),
(571, 5, 'H', 7, 'regular', '2026-07-17 15:42:37'),
(572, 5, 'H', 8, 'regular', '2026-07-17 15:42:37'),
(573, 5, 'H', 9, 'regular', '2026-07-17 15:42:37'),
(574, 5, 'H', 10, 'regular', '2026-07-17 15:42:37'),
(575, 5, 'H', 11, 'regular', '2026-07-17 15:42:37'),
(576, 5, 'H', 12, 'regular', '2026-07-17 15:42:37'),
(577, 5, 'I', 1, 'premium', '2026-07-17 15:42:37'),
(578, 5, 'I', 2, 'premium', '2026-07-17 15:42:37'),
(579, 5, 'I', 3, 'premium', '2026-07-17 15:42:37'),
(580, 5, 'I', 4, 'premium', '2026-07-17 15:42:37'),
(581, 5, 'I', 5, 'premium', '2026-07-17 15:42:37'),
(582, 5, 'I', 6, 'premium', '2026-07-17 15:42:37'),
(583, 5, 'I', 7, 'premium', '2026-07-17 15:42:37'),
(584, 5, 'I', 8, 'premium', '2026-07-17 15:42:38'),
(585, 5, 'I', 9, 'premium', '2026-07-17 15:42:38'),
(586, 5, 'I', 10, 'premium', '2026-07-17 15:42:38'),
(587, 5, 'I', 11, 'premium', '2026-07-17 15:42:38'),
(588, 5, 'I', 12, 'premium', '2026-07-17 15:42:38'),
(589, 5, 'J', 1, 'vip', '2026-07-17 15:42:38'),
(590, 5, 'J', 2, 'vip', '2026-07-17 15:42:38'),
(591, 5, 'J', 3, 'vip', '2026-07-17 15:42:38'),
(592, 5, 'J', 4, 'vip', '2026-07-17 15:42:38'),
(593, 5, 'J', 5, 'vip', '2026-07-17 15:42:38'),
(594, 5, 'J', 6, 'vip', '2026-07-17 15:42:38'),
(595, 5, 'J', 7, 'vip', '2026-07-17 15:42:38'),
(596, 5, 'J', 8, 'vip', '2026-07-17 15:42:38'),
(597, 5, 'J', 9, 'vip', '2026-07-17 15:42:38'),
(598, 5, 'J', 10, 'vip', '2026-07-17 15:42:38'),
(599, 5, 'J', 11, 'vip', '2026-07-17 15:42:39'),
(600, 5, 'J', 12, 'vip', '2026-07-17 15:42:39'),
(601, 6, 'A', 1, 'regular', '2026-07-17 15:42:39'),
(602, 6, 'A', 2, 'regular', '2026-07-17 15:42:39'),
(603, 6, 'A', 3, 'regular', '2026-07-17 15:42:39'),
(604, 6, 'A', 4, 'regular', '2026-07-17 15:42:39'),
(605, 6, 'A', 5, 'regular', '2026-07-17 15:42:39'),
(606, 6, 'A', 6, 'regular', '2026-07-17 15:42:40'),
(607, 6, 'A', 7, 'regular', '2026-07-17 15:42:40'),
(608, 6, 'A', 8, 'regular', '2026-07-17 15:42:40'),
(609, 6, 'A', 9, 'regular', '2026-07-17 15:42:40'),
(610, 6, 'A', 10, 'regular', '2026-07-17 15:42:40'),
(611, 6, 'A', 11, 'regular', '2026-07-17 15:42:40'),
(612, 6, 'A', 12, 'regular', '2026-07-17 15:42:40'),
(613, 6, 'B', 1, 'regular', '2026-07-17 15:42:40'),
(614, 6, 'B', 2, 'regular', '2026-07-17 15:42:40'),
(615, 6, 'B', 3, 'regular', '2026-07-17 15:42:40'),
(616, 6, 'B', 4, 'regular', '2026-07-17 15:42:40'),
(617, 6, 'B', 5, 'regular', '2026-07-17 15:42:40'),
(618, 6, 'B', 6, 'regular', '2026-07-17 15:42:41'),
(619, 6, 'B', 7, 'regular', '2026-07-17 15:42:41'),
(620, 6, 'B', 8, 'regular', '2026-07-17 15:42:41'),
(621, 6, 'B', 9, 'regular', '2026-07-17 15:42:41'),
(622, 6, 'B', 10, 'regular', '2026-07-17 15:42:41'),
(623, 6, 'B', 11, 'regular', '2026-07-17 15:42:41'),
(624, 6, 'B', 12, 'regular', '2026-07-17 15:42:41'),
(625, 6, 'C', 1, 'regular', '2026-07-17 15:42:41'),
(626, 6, 'C', 2, 'regular', '2026-07-17 15:42:41'),
(627, 6, 'C', 3, 'regular', '2026-07-17 15:42:41'),
(628, 6, 'C', 4, 'regular', '2026-07-17 15:42:41'),
(629, 6, 'C', 5, 'regular', '2026-07-17 15:42:41'),
(630, 6, 'C', 6, 'regular', '2026-07-17 15:42:41'),
(631, 6, 'C', 7, 'regular', '2026-07-17 15:42:41'),
(632, 6, 'C', 8, 'regular', '2026-07-17 15:42:41'),
(633, 6, 'C', 9, 'regular', '2026-07-17 15:42:42'),
(634, 6, 'C', 10, 'regular', '2026-07-17 15:42:42'),
(635, 6, 'C', 11, 'regular', '2026-07-17 15:42:42'),
(636, 6, 'C', 12, 'regular', '2026-07-17 15:42:42'),
(637, 6, 'D', 1, 'regular', '2026-07-17 15:42:42'),
(638, 6, 'D', 2, 'regular', '2026-07-17 15:42:42'),
(639, 6, 'D', 3, 'regular', '2026-07-17 15:42:42'),
(640, 6, 'D', 4, 'regular', '2026-07-17 15:42:42'),
(641, 6, 'D', 5, 'regular', '2026-07-17 15:42:42'),
(642, 6, 'D', 6, 'regular', '2026-07-17 15:42:42'),
(643, 6, 'D', 7, 'regular', '2026-07-17 15:42:42'),
(644, 6, 'D', 8, 'regular', '2026-07-17 15:42:42'),
(645, 6, 'D', 9, 'regular', '2026-07-17 15:42:42'),
(646, 6, 'D', 10, 'regular', '2026-07-17 15:42:42'),
(647, 6, 'D', 11, 'regular', '2026-07-17 15:42:42'),
(648, 6, 'D', 12, 'regular', '2026-07-17 15:42:42'),
(649, 6, 'E', 1, 'regular', '2026-07-17 15:42:43'),
(650, 6, 'E', 2, 'regular', '2026-07-17 15:42:43'),
(651, 6, 'E', 3, 'regular', '2026-07-17 15:42:43'),
(652, 6, 'E', 4, 'regular', '2026-07-17 15:42:43'),
(653, 6, 'E', 5, 'regular', '2026-07-17 15:42:43'),
(654, 6, 'E', 6, 'regular', '2026-07-17 15:42:43'),
(655, 6, 'E', 7, 'regular', '2026-07-17 15:42:43'),
(656, 6, 'E', 8, 'regular', '2026-07-17 15:42:43'),
(657, 6, 'E', 9, 'regular', '2026-07-17 15:42:43'),
(658, 6, 'E', 10, 'regular', '2026-07-17 15:42:43'),
(659, 6, 'E', 11, 'regular', '2026-07-17 15:42:43'),
(660, 6, 'E', 12, 'regular', '2026-07-17 15:42:43'),
(661, 6, 'F', 1, 'regular', '2026-07-17 15:42:43'),
(662, 6, 'F', 2, 'regular', '2026-07-17 15:42:43'),
(663, 6, 'F', 3, 'regular', '2026-07-17 15:42:43'),
(664, 6, 'F', 4, 'regular', '2026-07-17 15:42:44'),
(665, 6, 'F', 5, 'regular', '2026-07-17 15:42:44'),
(666, 6, 'F', 6, 'regular', '2026-07-17 15:42:44'),
(667, 6, 'F', 7, 'regular', '2026-07-17 15:42:44'),
(668, 6, 'F', 8, 'regular', '2026-07-17 15:42:44'),
(669, 6, 'F', 9, 'regular', '2026-07-17 15:42:44'),
(670, 6, 'F', 10, 'regular', '2026-07-17 15:42:44'),
(671, 6, 'F', 11, 'regular', '2026-07-17 15:42:44'),
(672, 6, 'F', 12, 'regular', '2026-07-17 15:42:44'),
(673, 6, 'G', 1, 'regular', '2026-07-17 15:42:44'),
(674, 6, 'G', 2, 'regular', '2026-07-17 15:42:45'),
(675, 6, 'G', 3, 'regular', '2026-07-17 15:42:45'),
(676, 6, 'G', 4, 'regular', '2026-07-17 15:42:45'),
(677, 6, 'G', 5, 'regular', '2026-07-17 15:42:45'),
(678, 6, 'G', 6, 'regular', '2026-07-17 15:42:45'),
(679, 6, 'G', 7, 'regular', '2026-07-17 15:42:45'),
(680, 6, 'G', 8, 'regular', '2026-07-17 15:42:45'),
(681, 6, 'G', 9, 'regular', '2026-07-17 15:42:45'),
(682, 6, 'G', 10, 'regular', '2026-07-17 15:42:45'),
(683, 6, 'G', 11, 'regular', '2026-07-17 15:42:45'),
(684, 6, 'G', 12, 'regular', '2026-07-17 15:42:45'),
(685, 6, 'H', 1, 'regular', '2026-07-17 15:42:45'),
(686, 6, 'H', 2, 'regular', '2026-07-17 15:42:45'),
(687, 6, 'H', 3, 'regular', '2026-07-17 15:42:45'),
(688, 6, 'H', 4, 'regular', '2026-07-17 15:42:45'),
(689, 6, 'H', 5, 'regular', '2026-07-17 15:42:46'),
(690, 6, 'H', 6, 'regular', '2026-07-17 15:42:46'),
(691, 6, 'H', 7, 'regular', '2026-07-17 15:42:46'),
(692, 6, 'H', 8, 'regular', '2026-07-17 15:42:46'),
(693, 6, 'H', 9, 'regular', '2026-07-17 15:42:46'),
(694, 6, 'H', 10, 'regular', '2026-07-17 15:42:46'),
(695, 6, 'H', 11, 'regular', '2026-07-17 15:42:46'),
(696, 6, 'H', 12, 'regular', '2026-07-17 15:42:46'),
(697, 6, 'I', 1, 'premium', '2026-07-17 15:42:46'),
(698, 6, 'I', 2, 'premium', '2026-07-17 15:42:46'),
(699, 6, 'I', 3, 'premium', '2026-07-17 15:42:46'),
(700, 6, 'I', 4, 'premium', '2026-07-17 15:42:47'),
(701, 6, 'I', 5, 'premium', '2026-07-17 15:42:47'),
(702, 6, 'I', 6, 'premium', '2026-07-17 15:42:47'),
(703, 6, 'I', 7, 'premium', '2026-07-17 15:42:47'),
(704, 6, 'I', 8, 'premium', '2026-07-17 15:42:47'),
(705, 6, 'I', 9, 'premium', '2026-07-17 15:42:47'),
(706, 6, 'I', 10, 'premium', '2026-07-17 15:42:47'),
(707, 6, 'I', 11, 'premium', '2026-07-17 15:42:47'),
(708, 6, 'I', 12, 'premium', '2026-07-17 15:42:47'),
(709, 6, 'J', 1, 'vip', '2026-07-17 15:42:47'),
(710, 6, 'J', 2, 'vip', '2026-07-17 15:42:48'),
(711, 6, 'J', 3, 'vip', '2026-07-17 15:42:48'),
(712, 6, 'J', 4, 'vip', '2026-07-17 15:42:48'),
(713, 6, 'J', 5, 'vip', '2026-07-17 15:42:48'),
(714, 6, 'J', 6, 'vip', '2026-07-17 15:42:48'),
(715, 6, 'J', 7, 'vip', '2026-07-17 15:42:48'),
(716, 6, 'J', 8, 'vip', '2026-07-17 15:42:48'),
(717, 6, 'J', 9, 'vip', '2026-07-17 15:42:48'),
(718, 6, 'J', 10, 'vip', '2026-07-17 15:42:48'),
(719, 6, 'J', 11, 'vip', '2026-07-17 15:42:48'),
(720, 6, 'J', 12, 'vip', '2026-07-17 15:42:48'),
(721, 7, 'A', 1, 'regular', '2026-07-17 15:42:48'),
(722, 7, 'A', 2, 'regular', '2026-07-17 15:42:48'),
(723, 7, 'A', 3, 'regular', '2026-07-17 15:42:48'),
(724, 7, 'A', 4, 'regular', '2026-07-17 15:42:48'),
(725, 7, 'A', 5, 'regular', '2026-07-17 15:42:48'),
(726, 7, 'A', 6, 'regular', '2026-07-17 15:42:49'),
(727, 7, 'A', 7, 'regular', '2026-07-17 15:42:49'),
(728, 7, 'A', 8, 'regular', '2026-07-17 15:42:49'),
(729, 7, 'A', 9, 'regular', '2026-07-17 15:42:49'),
(730, 7, 'A', 10, 'regular', '2026-07-17 15:42:49'),
(731, 7, 'A', 11, 'regular', '2026-07-17 15:42:49'),
(732, 7, 'A', 12, 'regular', '2026-07-17 15:42:49'),
(733, 7, 'B', 1, 'regular', '2026-07-17 15:42:49'),
(734, 7, 'B', 2, 'regular', '2026-07-17 15:42:49'),
(735, 7, 'B', 3, 'regular', '2026-07-17 15:42:49'),
(736, 7, 'B', 4, 'regular', '2026-07-17 15:42:49'),
(737, 7, 'B', 5, 'regular', '2026-07-17 15:42:49'),
(738, 7, 'B', 6, 'regular', '2026-07-17 15:42:50'),
(739, 7, 'B', 7, 'regular', '2026-07-17 15:42:50'),
(740, 7, 'B', 8, 'regular', '2026-07-17 15:42:50'),
(741, 7, 'B', 9, 'regular', '2026-07-17 15:42:50'),
(742, 7, 'B', 10, 'regular', '2026-07-17 15:42:50'),
(743, 7, 'B', 11, 'regular', '2026-07-17 15:42:50'),
(744, 7, 'B', 12, 'regular', '2026-07-17 15:42:50'),
(745, 7, 'C', 1, 'regular', '2026-07-17 15:42:50'),
(746, 7, 'C', 2, 'regular', '2026-07-17 15:42:50'),
(747, 7, 'C', 3, 'regular', '2026-07-17 15:42:51'),
(748, 7, 'C', 4, 'regular', '2026-07-17 15:42:51'),
(749, 7, 'C', 5, 'regular', '2026-07-17 15:42:51'),
(750, 7, 'C', 6, 'regular', '2026-07-17 15:42:51'),
(751, 7, 'C', 7, 'regular', '2026-07-17 15:42:51'),
(752, 7, 'C', 8, 'regular', '2026-07-17 15:42:51'),
(753, 7, 'C', 9, 'regular', '2026-07-17 15:42:51'),
(754, 7, 'C', 10, 'regular', '2026-07-17 15:42:51'),
(755, 7, 'C', 11, 'regular', '2026-07-17 15:42:51'),
(756, 7, 'C', 12, 'regular', '2026-07-17 15:42:51'),
(757, 7, 'D', 1, 'regular', '2026-07-17 15:42:51'),
(758, 7, 'D', 2, 'regular', '2026-07-17 15:42:51'),
(759, 7, 'D', 3, 'regular', '2026-07-17 15:42:51'),
(760, 7, 'D', 4, 'regular', '2026-07-17 15:42:51'),
(761, 7, 'D', 5, 'regular', '2026-07-17 15:42:52'),
(762, 7, 'D', 6, 'regular', '2026-07-17 15:42:52'),
(763, 7, 'D', 7, 'regular', '2026-07-17 15:42:52'),
(764, 7, 'D', 8, 'regular', '2026-07-17 15:42:52'),
(765, 7, 'D', 9, 'regular', '2026-07-17 15:42:52'),
(766, 7, 'D', 10, 'regular', '2026-07-17 15:42:52'),
(767, 7, 'D', 11, 'regular', '2026-07-17 15:42:53'),
(768, 7, 'D', 12, 'regular', '2026-07-17 15:42:53'),
(769, 7, 'E', 1, 'regular', '2026-07-17 15:42:53'),
(770, 7, 'E', 2, 'regular', '2026-07-17 15:42:53'),
(771, 7, 'E', 3, 'regular', '2026-07-17 15:42:53'),
(772, 7, 'E', 4, 'regular', '2026-07-17 15:42:53'),
(773, 7, 'E', 5, 'regular', '2026-07-17 15:42:53'),
(774, 7, 'E', 6, 'regular', '2026-07-17 15:42:53'),
(775, 7, 'E', 7, 'regular', '2026-07-17 15:42:53'),
(776, 7, 'E', 8, 'regular', '2026-07-17 15:42:53'),
(777, 7, 'E', 9, 'regular', '2026-07-17 15:42:53'),
(778, 7, 'E', 10, 'regular', '2026-07-17 15:42:53'),
(779, 7, 'E', 11, 'regular', '2026-07-17 15:42:53'),
(780, 7, 'E', 12, 'regular', '2026-07-17 15:42:53'),
(781, 7, 'F', 1, 'regular', '2026-07-17 15:42:53'),
(782, 7, 'F', 2, 'regular', '2026-07-17 15:42:53'),
(783, 7, 'F', 3, 'regular', '2026-07-17 15:42:53'),
(784, 7, 'F', 4, 'regular', '2026-07-17 15:42:54'),
(785, 7, 'F', 5, 'regular', '2026-07-17 15:42:54'),
(786, 7, 'F', 6, 'regular', '2026-07-17 15:42:54'),
(787, 7, 'F', 7, 'regular', '2026-07-17 15:42:54'),
(788, 7, 'F', 8, 'regular', '2026-07-17 15:42:54'),
(789, 7, 'F', 9, 'regular', '2026-07-17 15:42:54'),
(790, 7, 'F', 10, 'regular', '2026-07-17 15:42:54'),
(791, 7, 'F', 11, 'regular', '2026-07-17 15:42:54'),
(792, 7, 'F', 12, 'regular', '2026-07-17 15:42:54'),
(793, 7, 'G', 1, 'regular', '2026-07-17 15:42:54'),
(794, 7, 'G', 2, 'regular', '2026-07-17 15:42:54'),
(795, 7, 'G', 3, 'regular', '2026-07-17 15:42:54'),
(796, 7, 'G', 4, 'regular', '2026-07-17 15:42:54'),
(797, 7, 'G', 5, 'regular', '2026-07-17 15:42:54'),
(798, 7, 'G', 6, 'regular', '2026-07-17 15:42:54'),
(799, 7, 'G', 7, 'regular', '2026-07-17 15:42:54'),
(800, 7, 'G', 8, 'regular', '2026-07-17 15:42:55'),
(801, 7, 'G', 9, 'regular', '2026-07-17 15:42:55'),
(802, 7, 'G', 10, 'regular', '2026-07-17 15:42:55'),
(803, 7, 'G', 11, 'regular', '2026-07-17 15:42:55'),
(804, 7, 'G', 12, 'regular', '2026-07-17 15:42:56'),
(805, 7, 'H', 1, 'regular', '2026-07-17 15:42:56'),
(806, 7, 'H', 2, 'regular', '2026-07-17 15:42:56'),
(807, 7, 'H', 3, 'regular', '2026-07-17 15:42:56'),
(808, 7, 'H', 4, 'regular', '2026-07-17 15:42:56'),
(809, 7, 'H', 5, 'regular', '2026-07-17 15:42:56'),
(810, 7, 'H', 6, 'regular', '2026-07-17 15:42:56'),
(811, 7, 'H', 7, 'regular', '2026-07-17 15:42:56'),
(812, 7, 'H', 8, 'regular', '2026-07-17 15:42:56'),
(813, 7, 'H', 9, 'regular', '2026-07-17 15:42:56'),
(814, 7, 'H', 10, 'regular', '2026-07-17 15:42:56'),
(815, 7, 'H', 11, 'regular', '2026-07-17 15:42:56'),
(816, 7, 'H', 12, 'regular', '2026-07-17 15:42:57'),
(817, 7, 'I', 1, 'premium', '2026-07-17 15:42:57'),
(818, 7, 'I', 2, 'premium', '2026-07-17 15:42:57'),
(819, 7, 'I', 3, 'premium', '2026-07-17 15:42:57'),
(820, 7, 'I', 4, 'premium', '2026-07-17 15:42:57'),
(821, 7, 'I', 5, 'premium', '2026-07-17 15:42:57'),
(822, 7, 'I', 6, 'premium', '2026-07-17 15:42:57'),
(823, 7, 'I', 7, 'premium', '2026-07-17 15:42:57'),
(824, 7, 'I', 8, 'premium', '2026-07-17 15:42:57'),
(825, 7, 'I', 9, 'premium', '2026-07-17 15:42:57'),
(826, 7, 'I', 10, 'premium', '2026-07-17 15:42:57'),
(827, 7, 'I', 11, 'premium', '2026-07-17 15:42:58'),
(828, 7, 'I', 12, 'premium', '2026-07-17 15:42:58'),
(829, 7, 'J', 1, 'vip', '2026-07-17 15:42:58'),
(830, 7, 'J', 2, 'vip', '2026-07-17 15:42:58'),
(831, 7, 'J', 3, 'vip', '2026-07-17 15:42:58'),
(832, 7, 'J', 4, 'vip', '2026-07-17 15:42:58'),
(833, 7, 'J', 5, 'vip', '2026-07-17 15:42:58'),
(834, 7, 'J', 6, 'vip', '2026-07-17 15:42:58'),
(835, 7, 'J', 7, 'vip', '2026-07-17 15:42:58'),
(836, 7, 'J', 8, 'vip', '2026-07-17 15:42:58'),
(837, 7, 'J', 9, 'vip', '2026-07-17 15:42:59'),
(838, 7, 'J', 10, 'vip', '2026-07-17 15:42:59'),
(839, 7, 'J', 11, 'vip', '2026-07-17 15:42:59'),
(840, 7, 'J', 12, 'vip', '2026-07-17 15:42:59'),
(841, 8, 'A', 1, 'regular', '2026-07-17 15:42:59'),
(842, 8, 'A', 2, 'regular', '2026-07-17 15:42:59'),
(843, 8, 'A', 3, 'regular', '2026-07-17 15:42:59'),
(844, 8, 'A', 4, 'regular', '2026-07-17 15:42:59'),
(845, 8, 'A', 5, 'regular', '2026-07-17 15:42:59'),
(846, 8, 'A', 6, 'regular', '2026-07-17 15:42:59'),
(847, 8, 'A', 7, 'regular', '2026-07-17 15:43:00'),
(848, 8, 'A', 8, 'regular', '2026-07-17 15:43:00'),
(849, 8, 'A', 9, 'regular', '2026-07-17 15:43:00'),
(850, 8, 'A', 10, 'regular', '2026-07-17 15:43:00'),
(851, 8, 'A', 11, 'regular', '2026-07-17 15:43:00'),
(852, 8, 'A', 12, 'regular', '2026-07-17 15:43:00'),
(853, 8, 'B', 1, 'regular', '2026-07-17 15:43:00'),
(854, 8, 'B', 2, 'regular', '2026-07-17 15:43:00'),
(855, 8, 'B', 3, 'regular', '2026-07-17 15:43:00'),
(856, 8, 'B', 4, 'regular', '2026-07-17 15:43:00'),
(857, 8, 'B', 5, 'regular', '2026-07-17 15:43:01'),
(858, 8, 'B', 6, 'regular', '2026-07-17 15:43:01'),
(859, 8, 'B', 7, 'regular', '2026-07-17 15:43:01'),
(860, 8, 'B', 8, 'regular', '2026-07-17 15:43:02'),
(861, 8, 'B', 9, 'regular', '2026-07-17 15:43:02'),
(862, 8, 'B', 10, 'regular', '2026-07-17 15:43:02'),
(863, 8, 'B', 11, 'regular', '2026-07-17 15:43:02'),
(864, 8, 'B', 12, 'regular', '2026-07-17 15:43:02'),
(865, 8, 'C', 1, 'regular', '2026-07-17 15:43:02'),
(866, 8, 'C', 2, 'regular', '2026-07-17 15:43:02'),
(867, 8, 'C', 3, 'regular', '2026-07-17 15:43:02'),
(868, 8, 'C', 4, 'regular', '2026-07-17 15:43:02'),
(869, 8, 'C', 5, 'regular', '2026-07-17 15:43:02'),
(870, 8, 'C', 6, 'regular', '2026-07-17 15:43:02'),
(871, 8, 'C', 7, 'regular', '2026-07-17 15:43:02'),
(872, 8, 'C', 8, 'regular', '2026-07-17 15:43:02'),
(873, 8, 'C', 9, 'regular', '2026-07-17 15:43:03'),
(874, 8, 'C', 10, 'regular', '2026-07-17 15:43:03'),
(875, 8, 'C', 11, 'regular', '2026-07-17 15:43:03'),
(876, 8, 'C', 12, 'regular', '2026-07-17 15:43:03'),
(877, 8, 'D', 1, 'regular', '2026-07-17 15:43:03'),
(878, 8, 'D', 2, 'regular', '2026-07-17 15:43:03'),
(879, 8, 'D', 3, 'regular', '2026-07-17 15:43:03'),
(880, 8, 'D', 4, 'regular', '2026-07-17 15:43:03'),
(881, 8, 'D', 5, 'regular', '2026-07-17 15:43:03'),
(882, 8, 'D', 6, 'regular', '2026-07-17 15:43:03'),
(883, 8, 'D', 7, 'regular', '2026-07-17 15:43:03'),
(884, 8, 'D', 8, 'regular', '2026-07-17 15:43:03'),
(885, 8, 'D', 9, 'regular', '2026-07-17 15:43:03'),
(886, 8, 'D', 10, 'regular', '2026-07-17 15:43:03'),
(887, 8, 'D', 11, 'regular', '2026-07-17 15:43:03'),
(888, 8, 'D', 12, 'regular', '2026-07-17 15:43:04'),
(889, 8, 'E', 1, 'regular', '2026-07-17 15:43:04'),
(890, 8, 'E', 2, 'regular', '2026-07-17 15:43:04'),
(891, 8, 'E', 3, 'regular', '2026-07-17 15:43:04'),
(892, 8, 'E', 4, 'regular', '2026-07-17 15:43:04'),
(893, 8, 'E', 5, 'regular', '2026-07-17 15:43:04'),
(894, 8, 'E', 6, 'regular', '2026-07-17 15:43:04'),
(895, 8, 'E', 7, 'regular', '2026-07-17 15:43:04'),
(896, 8, 'E', 8, 'regular', '2026-07-17 15:43:04'),
(897, 8, 'E', 9, 'regular', '2026-07-17 15:43:04'),
(898, 8, 'E', 10, 'regular', '2026-07-17 15:43:05'),
(899, 8, 'E', 11, 'regular', '2026-07-17 15:43:05'),
(900, 8, 'E', 12, 'regular', '2026-07-17 15:43:05'),
(901, 8, 'F', 1, 'regular', '2026-07-17 15:43:05'),
(902, 8, 'F', 2, 'regular', '2026-07-17 15:43:05'),
(903, 8, 'F', 3, 'regular', '2026-07-17 15:43:05'),
(904, 8, 'F', 4, 'regular', '2026-07-17 15:43:05'),
(905, 8, 'F', 5, 'regular', '2026-07-17 15:43:05'),
(906, 8, 'F', 6, 'regular', '2026-07-17 15:43:05'),
(907, 8, 'F', 7, 'regular', '2026-07-17 15:43:05'),
(908, 8, 'F', 8, 'regular', '2026-07-17 15:43:05'),
(909, 8, 'F', 9, 'regular', '2026-07-17 15:43:06'),
(910, 8, 'F', 10, 'regular', '2026-07-17 15:43:06'),
(911, 8, 'F', 11, 'regular', '2026-07-17 15:43:06'),
(912, 8, 'F', 12, 'regular', '2026-07-17 15:43:06'),
(913, 8, 'G', 1, 'regular', '2026-07-17 15:43:06'),
(914, 8, 'G', 2, 'regular', '2026-07-17 15:43:06'),
(915, 8, 'G', 3, 'regular', '2026-07-17 15:43:06'),
(916, 8, 'G', 4, 'regular', '2026-07-17 15:43:06'),
(917, 8, 'G', 5, 'regular', '2026-07-17 15:43:06'),
(918, 8, 'G', 6, 'regular', '2026-07-17 15:43:06'),
(919, 8, 'G', 7, 'regular', '2026-07-17 15:43:06'),
(920, 8, 'G', 8, 'regular', '2026-07-17 15:43:06'),
(921, 8, 'G', 9, 'regular', '2026-07-17 15:43:06'),
(922, 8, 'G', 10, 'regular', '2026-07-17 15:43:06'),
(923, 8, 'G', 11, 'regular', '2026-07-17 15:43:06'),
(924, 8, 'G', 12, 'regular', '2026-07-17 15:43:07'),
(925, 8, 'H', 1, 'regular', '2026-07-17 15:43:07'),
(926, 8, 'H', 2, 'regular', '2026-07-17 15:43:07'),
(927, 8, 'H', 3, 'regular', '2026-07-17 15:43:07'),
(928, 8, 'H', 4, 'regular', '2026-07-17 15:43:07'),
(929, 8, 'H', 5, 'regular', '2026-07-17 15:43:07'),
(930, 8, 'H', 6, 'regular', '2026-07-17 15:43:07'),
(931, 8, 'H', 7, 'regular', '2026-07-17 15:43:07'),
(932, 8, 'H', 8, 'regular', '2026-07-17 15:43:07'),
(933, 8, 'H', 9, 'regular', '2026-07-17 15:43:07'),
(934, 8, 'H', 10, 'regular', '2026-07-17 15:43:07'),
(935, 8, 'H', 11, 'regular', '2026-07-17 15:43:07'),
(936, 8, 'H', 12, 'regular', '2026-07-17 15:43:07'),
(937, 8, 'I', 1, 'premium', '2026-07-17 15:43:07'),
(938, 8, 'I', 2, 'premium', '2026-07-17 15:43:07'),
(939, 8, 'I', 3, 'premium', '2026-07-17 15:43:07'),
(940, 8, 'I', 4, 'premium', '2026-07-17 15:43:07'),
(941, 8, 'I', 5, 'premium', '2026-07-17 15:43:07'),
(942, 8, 'I', 6, 'premium', '2026-07-17 15:43:07'),
(943, 8, 'I', 7, 'premium', '2026-07-17 15:43:08'),
(944, 8, 'I', 8, 'premium', '2026-07-17 15:43:08'),
(945, 8, 'I', 9, 'premium', '2026-07-17 15:43:08'),
(946, 8, 'I', 10, 'premium', '2026-07-17 15:43:08'),
(947, 8, 'I', 11, 'premium', '2026-07-17 15:43:08'),
(948, 8, 'I', 12, 'premium', '2026-07-17 15:43:08'),
(949, 8, 'J', 1, 'vip', '2026-07-17 15:43:08'),
(950, 8, 'J', 2, 'vip', '2026-07-17 15:43:08'),
(951, 8, 'J', 3, 'vip', '2026-07-17 15:43:08'),
(952, 8, 'J', 4, 'vip', '2026-07-17 15:43:08'),
(953, 8, 'J', 5, 'vip', '2026-07-17 15:43:08'),
(954, 8, 'J', 6, 'vip', '2026-07-17 15:43:08'),
(955, 8, 'J', 7, 'vip', '2026-07-17 15:43:08'),
(956, 8, 'J', 8, 'vip', '2026-07-17 15:43:08'),
(957, 8, 'J', 9, 'vip', '2026-07-17 15:43:08'),
(958, 8, 'J', 10, 'vip', '2026-07-17 15:43:08'),
(959, 8, 'J', 11, 'vip', '2026-07-17 15:43:08'),
(960, 8, 'J', 12, 'vip', '2026-07-17 15:43:08'),
(961, 9, 'A', 1, 'regular', '2026-07-17 15:43:08'),
(962, 9, 'A', 2, 'regular', '2026-07-17 15:43:08'),
(963, 9, 'A', 3, 'regular', '2026-07-17 15:43:09'),
(964, 9, 'A', 4, 'regular', '2026-07-17 15:43:09'),
(965, 9, 'A', 5, 'regular', '2026-07-17 15:43:09'),
(966, 9, 'A', 6, 'regular', '2026-07-17 15:43:09'),
(967, 9, 'A', 7, 'regular', '2026-07-17 15:43:09'),
(968, 9, 'A', 8, 'regular', '2026-07-17 15:43:09'),
(969, 9, 'A', 9, 'regular', '2026-07-17 15:43:09'),
(970, 9, 'A', 10, 'regular', '2026-07-17 15:43:09'),
(971, 9, 'A', 11, 'regular', '2026-07-17 15:43:09'),
(972, 9, 'A', 12, 'regular', '2026-07-17 15:43:09'),
(973, 9, 'B', 1, 'regular', '2026-07-17 15:43:09'),
(974, 9, 'B', 2, 'regular', '2026-07-17 15:43:09'),
(975, 9, 'B', 3, 'regular', '2026-07-17 15:43:09'),
(976, 9, 'B', 4, 'regular', '2026-07-17 15:43:09'),
(977, 9, 'B', 5, 'regular', '2026-07-17 15:43:09'),
(978, 9, 'B', 6, 'regular', '2026-07-17 15:43:09'),
(979, 9, 'B', 7, 'regular', '2026-07-17 15:43:09'),
(980, 9, 'B', 8, 'regular', '2026-07-17 15:43:09'),
(981, 9, 'B', 9, 'regular', '2026-07-17 15:43:10'),
(982, 9, 'B', 10, 'regular', '2026-07-17 15:43:10'),
(983, 9, 'B', 11, 'regular', '2026-07-17 15:43:10'),
(984, 9, 'B', 12, 'regular', '2026-07-17 15:43:10'),
(985, 9, 'C', 1, 'regular', '2026-07-17 15:43:10'),
(986, 9, 'C', 2, 'regular', '2026-07-17 15:43:11'),
(987, 9, 'C', 3, 'regular', '2026-07-17 15:43:11'),
(988, 9, 'C', 4, 'regular', '2026-07-17 15:43:11'),
(989, 9, 'C', 5, 'regular', '2026-07-17 15:43:11'),
(990, 9, 'C', 6, 'regular', '2026-07-17 15:43:11'),
(991, 9, 'C', 7, 'regular', '2026-07-17 15:43:11'),
(992, 9, 'C', 8, 'regular', '2026-07-17 15:43:11'),
(993, 9, 'C', 9, 'regular', '2026-07-17 15:43:11'),
(994, 9, 'C', 10, 'regular', '2026-07-17 15:43:11'),
(995, 9, 'C', 11, 'regular', '2026-07-17 15:43:11'),
(996, 9, 'C', 12, 'regular', '2026-07-17 15:43:11'),
(997, 9, 'D', 1, 'regular', '2026-07-17 15:43:11'),
(998, 9, 'D', 2, 'regular', '2026-07-17 15:43:11'),
(999, 9, 'D', 3, 'regular', '2026-07-17 15:43:11'),
(1000, 9, 'D', 4, 'regular', '2026-07-17 15:43:11'),
(1001, 9, 'D', 5, 'regular', '2026-07-17 15:43:11'),
(1002, 9, 'D', 6, 'regular', '2026-07-17 15:43:11');
INSERT INTO `seats` (`seat_id`, `screen_id`, `seat_row`, `seat_number`, `seat_type`, `created_at`) VALUES
(1003, 9, 'D', 7, 'regular', '2026-07-17 15:43:12'),
(1004, 9, 'D', 8, 'regular', '2026-07-17 15:43:12'),
(1005, 9, 'D', 9, 'regular', '2026-07-17 15:43:12'),
(1006, 9, 'D', 10, 'regular', '2026-07-17 15:43:12'),
(1007, 9, 'D', 11, 'regular', '2026-07-17 15:43:12'),
(1008, 9, 'D', 12, 'regular', '2026-07-17 15:43:12'),
(1009, 9, 'E', 1, 'regular', '2026-07-17 15:43:12'),
(1010, 9, 'E', 2, 'regular', '2026-07-17 15:43:12'),
(1011, 9, 'E', 3, 'regular', '2026-07-17 15:43:12'),
(1012, 9, 'E', 4, 'regular', '2026-07-17 15:43:12'),
(1013, 9, 'E', 5, 'regular', '2026-07-17 15:43:12'),
(1014, 9, 'E', 6, 'regular', '2026-07-17 15:43:12'),
(1015, 9, 'E', 7, 'regular', '2026-07-17 15:43:12'),
(1016, 9, 'E', 8, 'regular', '2026-07-17 15:43:12'),
(1017, 9, 'E', 9, 'regular', '2026-07-17 15:43:13'),
(1018, 9, 'E', 10, 'regular', '2026-07-17 15:43:13'),
(1019, 9, 'E', 11, 'regular', '2026-07-17 15:43:13'),
(1020, 9, 'E', 12, 'regular', '2026-07-17 15:43:13'),
(1021, 9, 'F', 1, 'regular', '2026-07-17 15:43:13'),
(1022, 9, 'F', 2, 'regular', '2026-07-17 15:43:13'),
(1023, 9, 'F', 3, 'regular', '2026-07-17 15:43:13'),
(1024, 9, 'F', 4, 'regular', '2026-07-17 15:43:13'),
(1025, 9, 'F', 5, 'regular', '2026-07-17 15:43:13'),
(1026, 9, 'F', 6, 'regular', '2026-07-17 15:43:13'),
(1027, 9, 'F', 7, 'regular', '2026-07-17 15:43:13'),
(1028, 9, 'F', 8, 'regular', '2026-07-17 15:43:13'),
(1029, 9, 'F', 9, 'regular', '2026-07-17 15:43:13'),
(1030, 9, 'F', 10, 'regular', '2026-07-17 15:43:13'),
(1031, 9, 'F', 11, 'regular', '2026-07-17 15:43:13'),
(1032, 9, 'F', 12, 'regular', '2026-07-17 15:43:13'),
(1033, 9, 'G', 1, 'regular', '2026-07-17 15:43:13'),
(1034, 9, 'G', 2, 'regular', '2026-07-17 15:43:13'),
(1035, 9, 'G', 3, 'regular', '2026-07-17 15:43:13'),
(1036, 9, 'G', 4, 'regular', '2026-07-17 15:43:13'),
(1037, 9, 'G', 5, 'regular', '2026-07-17 15:43:14'),
(1038, 9, 'G', 6, 'regular', '2026-07-17 15:43:14'),
(1039, 9, 'G', 7, 'regular', '2026-07-17 15:43:14'),
(1040, 9, 'G', 8, 'regular', '2026-07-17 15:43:14'),
(1041, 9, 'G', 9, 'regular', '2026-07-17 15:43:14'),
(1042, 9, 'G', 10, 'regular', '2026-07-17 15:43:14'),
(1043, 9, 'G', 11, 'regular', '2026-07-17 15:43:14'),
(1044, 9, 'G', 12, 'regular', '2026-07-17 15:43:14'),
(1045, 9, 'H', 1, 'regular', '2026-07-17 15:43:14'),
(1046, 9, 'H', 2, 'regular', '2026-07-17 15:43:14'),
(1047, 9, 'H', 3, 'regular', '2026-07-17 15:43:14'),
(1048, 9, 'H', 4, 'regular', '2026-07-17 15:43:14'),
(1049, 9, 'H', 5, 'regular', '2026-07-17 15:43:14'),
(1050, 9, 'H', 6, 'regular', '2026-07-17 15:43:14'),
(1051, 9, 'H', 7, 'regular', '2026-07-17 15:43:14'),
(1052, 9, 'H', 8, 'regular', '2026-07-17 15:43:14'),
(1053, 9, 'H', 9, 'regular', '2026-07-17 15:43:14'),
(1054, 9, 'H', 10, 'regular', '2026-07-17 15:43:14'),
(1055, 9, 'H', 11, 'regular', '2026-07-17 15:43:15'),
(1056, 9, 'H', 12, 'regular', '2026-07-17 15:43:15'),
(1057, 9, 'I', 1, 'premium', '2026-07-17 15:43:15'),
(1058, 9, 'I', 2, 'premium', '2026-07-17 15:43:15'),
(1059, 9, 'I', 3, 'premium', '2026-07-17 15:43:15'),
(1060, 9, 'I', 4, 'premium', '2026-07-17 15:43:15'),
(1061, 9, 'I', 5, 'premium', '2026-07-17 15:43:15'),
(1062, 9, 'I', 6, 'premium', '2026-07-17 15:43:15'),
(1063, 9, 'I', 7, 'premium', '2026-07-17 15:43:15'),
(1064, 9, 'I', 8, 'premium', '2026-07-17 15:43:15'),
(1065, 9, 'I', 9, 'premium', '2026-07-17 15:43:15'),
(1066, 9, 'I', 10, 'premium', '2026-07-17 15:43:15'),
(1067, 9, 'I', 11, 'premium', '2026-07-17 15:43:15'),
(1068, 9, 'I', 12, 'premium', '2026-07-17 15:43:15'),
(1069, 9, 'J', 1, 'vip', '2026-07-17 15:43:15'),
(1070, 9, 'J', 2, 'vip', '2026-07-17 15:43:15'),
(1071, 9, 'J', 3, 'vip', '2026-07-17 15:43:15'),
(1072, 9, 'J', 4, 'vip', '2026-07-17 15:43:15'),
(1073, 9, 'J', 5, 'vip', '2026-07-17 15:43:16'),
(1074, 9, 'J', 6, 'vip', '2026-07-17 15:43:16'),
(1075, 9, 'J', 7, 'vip', '2026-07-17 15:43:16'),
(1076, 9, 'J', 8, 'vip', '2026-07-17 15:43:16'),
(1077, 9, 'J', 9, 'vip', '2026-07-17 15:43:16'),
(1078, 9, 'J', 10, 'vip', '2026-07-17 15:43:16'),
(1079, 9, 'J', 11, 'vip', '2026-07-17 15:43:16'),
(1080, 9, 'J', 12, 'vip', '2026-07-17 15:43:16'),
(1081, 10, 'A', 1, 'regular', '2026-07-17 15:43:16'),
(1082, 10, 'A', 2, 'regular', '2026-07-17 15:43:16'),
(1083, 10, 'A', 3, 'regular', '2026-07-17 15:43:16'),
(1084, 10, 'A', 4, 'regular', '2026-07-17 15:43:16'),
(1085, 10, 'A', 5, 'regular', '2026-07-17 15:43:17'),
(1086, 10, 'A', 6, 'regular', '2026-07-17 15:43:17'),
(1087, 10, 'A', 7, 'regular', '2026-07-17 15:43:17'),
(1088, 10, 'A', 8, 'regular', '2026-07-17 15:43:17'),
(1089, 10, 'A', 9, 'regular', '2026-07-17 15:43:17'),
(1090, 10, 'A', 10, 'regular', '2026-07-17 15:43:17'),
(1091, 10, 'A', 11, 'regular', '2026-07-17 15:43:17'),
(1092, 10, 'A', 12, 'regular', '2026-07-17 15:43:17'),
(1093, 10, 'B', 1, 'regular', '2026-07-17 15:43:17'),
(1094, 10, 'B', 2, 'regular', '2026-07-17 15:43:17'),
(1095, 10, 'B', 3, 'regular', '2026-07-17 15:43:17'),
(1096, 10, 'B', 4, 'regular', '2026-07-17 15:43:17'),
(1097, 10, 'B', 5, 'regular', '2026-07-17 15:43:17'),
(1098, 10, 'B', 6, 'regular', '2026-07-17 15:43:18'),
(1099, 10, 'B', 7, 'regular', '2026-07-17 15:43:18'),
(1100, 10, 'B', 8, 'regular', '2026-07-17 15:43:18'),
(1101, 10, 'B', 9, 'regular', '2026-07-17 15:43:18'),
(1102, 10, 'B', 10, 'regular', '2026-07-17 15:43:18'),
(1103, 10, 'B', 11, 'regular', '2026-07-17 15:43:18'),
(1104, 10, 'B', 12, 'regular', '2026-07-17 15:43:18'),
(1105, 10, 'C', 1, 'regular', '2026-07-17 15:43:18'),
(1106, 10, 'C', 2, 'regular', '2026-07-17 15:43:18'),
(1107, 10, 'C', 3, 'regular', '2026-07-17 15:43:18'),
(1108, 10, 'C', 4, 'regular', '2026-07-17 15:43:18'),
(1109, 10, 'C', 5, 'regular', '2026-07-17 15:43:18'),
(1110, 10, 'C', 6, 'regular', '2026-07-17 15:43:18'),
(1111, 10, 'C', 7, 'regular', '2026-07-17 15:43:18'),
(1112, 10, 'C', 8, 'regular', '2026-07-17 15:43:18'),
(1113, 10, 'C', 9, 'regular', '2026-07-17 15:43:18'),
(1114, 10, 'C', 10, 'regular', '2026-07-17 15:43:19'),
(1115, 10, 'C', 11, 'regular', '2026-07-17 15:43:19'),
(1116, 10, 'C', 12, 'regular', '2026-07-17 15:43:19'),
(1117, 10, 'D', 1, 'regular', '2026-07-17 15:43:19'),
(1118, 10, 'D', 2, 'regular', '2026-07-17 15:43:19'),
(1119, 10, 'D', 3, 'regular', '2026-07-17 15:43:19'),
(1120, 10, 'D', 4, 'regular', '2026-07-17 15:43:19'),
(1121, 10, 'D', 5, 'regular', '2026-07-17 15:43:19'),
(1122, 10, 'D', 6, 'regular', '2026-07-17 15:43:19'),
(1123, 10, 'D', 7, 'regular', '2026-07-17 15:43:20'),
(1124, 10, 'D', 8, 'regular', '2026-07-17 15:43:20'),
(1125, 10, 'D', 9, 'regular', '2026-07-17 15:43:20'),
(1126, 10, 'D', 10, 'regular', '2026-07-17 15:43:20'),
(1127, 10, 'D', 11, 'regular', '2026-07-17 15:43:20'),
(1128, 10, 'D', 12, 'regular', '2026-07-17 15:43:20'),
(1129, 10, 'E', 1, 'regular', '2026-07-17 15:43:20'),
(1130, 10, 'E', 2, 'regular', '2026-07-17 15:43:20'),
(1131, 10, 'E', 3, 'regular', '2026-07-17 15:43:20'),
(1132, 10, 'E', 4, 'regular', '2026-07-17 15:43:20'),
(1133, 10, 'E', 5, 'regular', '2026-07-17 15:43:20'),
(1134, 10, 'E', 6, 'regular', '2026-07-17 15:43:20'),
(1135, 10, 'E', 7, 'regular', '2026-07-17 15:43:20'),
(1136, 10, 'E', 8, 'regular', '2026-07-17 15:43:20'),
(1137, 10, 'E', 9, 'regular', '2026-07-17 15:43:20'),
(1138, 10, 'E', 10, 'regular', '2026-07-17 15:43:21'),
(1139, 10, 'E', 11, 'regular', '2026-07-17 15:43:21'),
(1140, 10, 'E', 12, 'regular', '2026-07-17 15:43:21'),
(1141, 10, 'F', 1, 'regular', '2026-07-17 15:43:21'),
(1142, 10, 'F', 2, 'regular', '2026-07-17 15:43:21'),
(1143, 10, 'F', 3, 'regular', '2026-07-17 15:43:21'),
(1144, 10, 'F', 4, 'regular', '2026-07-17 15:43:21'),
(1145, 10, 'F', 5, 'regular', '2026-07-17 15:43:21'),
(1146, 10, 'F', 6, 'regular', '2026-07-17 15:43:21'),
(1147, 10, 'F', 7, 'regular', '2026-07-17 15:43:21'),
(1148, 10, 'F', 8, 'regular', '2026-07-17 15:43:21'),
(1149, 10, 'F', 9, 'regular', '2026-07-17 15:43:21'),
(1150, 10, 'F', 10, 'regular', '2026-07-17 15:43:21'),
(1151, 10, 'F', 11, 'regular', '2026-07-17 15:43:21'),
(1152, 10, 'F', 12, 'regular', '2026-07-17 15:43:21'),
(1153, 10, 'G', 1, 'regular', '2026-07-17 15:43:22'),
(1154, 10, 'G', 2, 'regular', '2026-07-17 15:43:22'),
(1155, 10, 'G', 3, 'regular', '2026-07-17 15:43:22'),
(1156, 10, 'G', 4, 'regular', '2026-07-17 15:43:22'),
(1157, 10, 'G', 5, 'regular', '2026-07-17 15:43:22'),
(1158, 10, 'G', 6, 'regular', '2026-07-17 15:43:22'),
(1159, 10, 'G', 7, 'regular', '2026-07-17 15:43:22'),
(1160, 10, 'G', 8, 'regular', '2026-07-17 15:43:22'),
(1161, 10, 'G', 9, 'regular', '2026-07-17 15:43:22'),
(1162, 10, 'G', 10, 'regular', '2026-07-17 15:43:22'),
(1163, 10, 'G', 11, 'regular', '2026-07-17 15:43:22'),
(1164, 10, 'G', 12, 'regular', '2026-07-17 15:43:22'),
(1165, 10, 'H', 1, 'regular', '2026-07-17 15:43:23'),
(1166, 10, 'H', 2, 'regular', '2026-07-17 15:43:23'),
(1167, 10, 'H', 3, 'regular', '2026-07-17 15:43:23'),
(1168, 10, 'H', 4, 'regular', '2026-07-17 15:43:23'),
(1169, 10, 'H', 5, 'regular', '2026-07-17 15:43:23'),
(1170, 10, 'H', 6, 'regular', '2026-07-17 15:43:23'),
(1171, 10, 'H', 7, 'regular', '2026-07-17 15:43:23'),
(1172, 10, 'H', 8, 'regular', '2026-07-17 15:43:23'),
(1173, 10, 'H', 9, 'regular', '2026-07-17 15:43:23'),
(1174, 10, 'H', 10, 'regular', '2026-07-17 15:43:23'),
(1175, 10, 'H', 11, 'regular', '2026-07-17 15:43:23'),
(1176, 10, 'H', 12, 'regular', '2026-07-17 15:43:23'),
(1177, 10, 'I', 1, 'premium', '2026-07-17 15:43:23'),
(1178, 10, 'I', 2, 'premium', '2026-07-17 15:43:24'),
(1179, 10, 'I', 3, 'premium', '2026-07-17 15:43:24'),
(1180, 10, 'I', 4, 'premium', '2026-07-17 15:43:24'),
(1181, 10, 'I', 5, 'premium', '2026-07-17 15:43:24'),
(1182, 10, 'I', 6, 'premium', '2026-07-17 15:43:24'),
(1183, 10, 'I', 7, 'premium', '2026-07-17 15:43:24'),
(1184, 10, 'I', 8, 'premium', '2026-07-17 15:43:24'),
(1185, 10, 'I', 9, 'premium', '2026-07-17 15:43:24'),
(1186, 10, 'I', 10, 'premium', '2026-07-17 15:43:24'),
(1187, 10, 'I', 11, 'premium', '2026-07-17 15:43:24'),
(1188, 10, 'I', 12, 'premium', '2026-07-17 15:43:24'),
(1189, 10, 'J', 1, 'vip', '2026-07-17 15:43:24'),
(1190, 10, 'J', 2, 'vip', '2026-07-17 15:43:24'),
(1191, 10, 'J', 3, 'vip', '2026-07-17 15:43:25'),
(1192, 10, 'J', 4, 'vip', '2026-07-17 15:43:25'),
(1193, 10, 'J', 5, 'vip', '2026-07-17 15:43:25'),
(1194, 10, 'J', 6, 'vip', '2026-07-17 15:43:25'),
(1195, 10, 'J', 7, 'vip', '2026-07-17 15:43:25'),
(1196, 10, 'J', 8, 'vip', '2026-07-17 15:43:25'),
(1197, 10, 'J', 9, 'vip', '2026-07-17 15:43:25'),
(1198, 10, 'J', 10, 'vip', '2026-07-17 15:43:25'),
(1199, 10, 'J', 11, 'vip', '2026-07-17 15:43:25'),
(1200, 10, 'J', 12, 'vip', '2026-07-17 15:43:25'),
(1201, 11, 'A', 1, 'regular', '2026-07-17 15:43:25'),
(1202, 11, 'A', 2, 'regular', '2026-07-17 15:43:25'),
(1203, 11, 'A', 3, 'regular', '2026-07-17 15:43:25'),
(1204, 11, 'A', 4, 'regular', '2026-07-17 15:43:25'),
(1205, 11, 'A', 5, 'regular', '2026-07-17 15:43:25'),
(1206, 11, 'A', 6, 'regular', '2026-07-17 15:43:25'),
(1207, 11, 'A', 7, 'regular', '2026-07-17 15:43:25'),
(1208, 11, 'A', 8, 'regular', '2026-07-17 15:43:26'),
(1209, 11, 'A', 9, 'regular', '2026-07-17 15:43:26'),
(1210, 11, 'A', 10, 'regular', '2026-07-17 15:43:26'),
(1211, 11, 'A', 11, 'regular', '2026-07-17 15:43:26'),
(1212, 11, 'A', 12, 'regular', '2026-07-17 15:43:26'),
(1213, 11, 'B', 1, 'regular', '2026-07-17 15:43:26'),
(1214, 11, 'B', 2, 'regular', '2026-07-17 15:43:26'),
(1215, 11, 'B', 3, 'regular', '2026-07-17 15:43:26'),
(1216, 11, 'B', 4, 'regular', '2026-07-17 15:43:26'),
(1217, 11, 'B', 5, 'regular', '2026-07-17 15:43:26'),
(1218, 11, 'B', 6, 'regular', '2026-07-17 15:43:26'),
(1219, 11, 'B', 7, 'regular', '2026-07-17 15:43:26'),
(1220, 11, 'B', 8, 'regular', '2026-07-17 15:43:26'),
(1221, 11, 'B', 9, 'regular', '2026-07-17 15:43:26'),
(1222, 11, 'B', 10, 'regular', '2026-07-17 15:43:26'),
(1223, 11, 'B', 11, 'regular', '2026-07-17 15:43:26'),
(1224, 11, 'B', 12, 'regular', '2026-07-17 15:43:26'),
(1225, 11, 'C', 1, 'regular', '2026-07-17 15:43:26'),
(1226, 11, 'C', 2, 'regular', '2026-07-17 15:43:26'),
(1227, 11, 'C', 3, 'regular', '2026-07-17 15:43:27'),
(1228, 11, 'C', 4, 'regular', '2026-07-17 15:43:27'),
(1229, 11, 'C', 5, 'regular', '2026-07-17 15:43:27'),
(1230, 11, 'C', 6, 'regular', '2026-07-17 15:43:27'),
(1231, 11, 'C', 7, 'regular', '2026-07-17 15:43:27'),
(1232, 11, 'C', 8, 'regular', '2026-07-17 15:43:27'),
(1233, 11, 'C', 9, 'regular', '2026-07-17 15:43:27'),
(1234, 11, 'C', 10, 'regular', '2026-07-17 15:43:27'),
(1235, 11, 'C', 11, 'regular', '2026-07-17 15:43:27'),
(1236, 11, 'C', 12, 'regular', '2026-07-17 15:43:27'),
(1237, 11, 'D', 1, 'regular', '2026-07-17 15:43:28'),
(1238, 11, 'D', 2, 'regular', '2026-07-17 15:43:28'),
(1239, 11, 'D', 3, 'regular', '2026-07-17 15:43:28'),
(1240, 11, 'D', 4, 'regular', '2026-07-17 15:43:28'),
(1241, 11, 'D', 5, 'regular', '2026-07-17 15:43:28'),
(1242, 11, 'D', 6, 'regular', '2026-07-17 15:43:28'),
(1243, 11, 'D', 7, 'regular', '2026-07-17 15:43:28'),
(1244, 11, 'D', 8, 'regular', '2026-07-17 15:43:28'),
(1245, 11, 'D', 9, 'regular', '2026-07-17 15:43:28'),
(1246, 11, 'D', 10, 'regular', '2026-07-17 15:43:28'),
(1247, 11, 'D', 11, 'regular', '2026-07-17 15:43:28'),
(1248, 11, 'D', 12, 'regular', '2026-07-17 15:43:28'),
(1249, 11, 'E', 1, 'regular', '2026-07-17 15:43:28'),
(1250, 11, 'E', 2, 'regular', '2026-07-17 15:43:29'),
(1251, 11, 'E', 3, 'regular', '2026-07-17 15:43:29'),
(1252, 11, 'E', 4, 'regular', '2026-07-17 15:43:29'),
(1253, 11, 'E', 5, 'regular', '2026-07-17 15:43:29'),
(1254, 11, 'E', 6, 'regular', '2026-07-17 15:43:29'),
(1255, 11, 'E', 7, 'regular', '2026-07-17 15:43:29'),
(1256, 11, 'E', 8, 'regular', '2026-07-17 15:43:29'),
(1257, 11, 'E', 9, 'regular', '2026-07-17 15:43:29'),
(1258, 11, 'E', 10, 'regular', '2026-07-17 15:43:29'),
(1259, 11, 'E', 11, 'regular', '2026-07-17 15:43:29'),
(1260, 11, 'E', 12, 'regular', '2026-07-17 15:43:29'),
(1261, 11, 'F', 1, 'regular', '2026-07-17 15:43:29'),
(1262, 11, 'F', 2, 'regular', '2026-07-17 15:43:29'),
(1263, 11, 'F', 3, 'regular', '2026-07-17 15:43:29'),
(1264, 11, 'F', 4, 'regular', '2026-07-17 15:43:29'),
(1265, 11, 'F', 5, 'regular', '2026-07-17 15:43:30'),
(1266, 11, 'F', 6, 'regular', '2026-07-17 15:43:30'),
(1267, 11, 'F', 7, 'regular', '2026-07-17 15:43:30'),
(1268, 11, 'F', 8, 'regular', '2026-07-17 15:43:30'),
(1269, 11, 'F', 9, 'regular', '2026-07-17 15:43:30'),
(1270, 11, 'F', 10, 'regular', '2026-07-17 15:43:30'),
(1271, 11, 'F', 11, 'regular', '2026-07-17 15:43:30'),
(1272, 11, 'F', 12, 'regular', '2026-07-17 15:43:30'),
(1273, 11, 'G', 1, 'regular', '2026-07-17 15:43:30'),
(1274, 11, 'G', 2, 'regular', '2026-07-17 15:43:30'),
(1275, 11, 'G', 3, 'regular', '2026-07-17 15:43:30'),
(1276, 11, 'G', 4, 'regular', '2026-07-17 15:43:30'),
(1277, 11, 'G', 5, 'regular', '2026-07-17 15:43:30'),
(1278, 11, 'G', 6, 'regular', '2026-07-17 15:43:30'),
(1279, 11, 'G', 7, 'regular', '2026-07-17 15:43:30'),
(1280, 11, 'G', 8, 'regular', '2026-07-17 15:43:30'),
(1281, 11, 'G', 9, 'regular', '2026-07-17 15:43:31'),
(1282, 11, 'G', 10, 'regular', '2026-07-17 15:43:31'),
(1283, 11, 'G', 11, 'regular', '2026-07-17 15:43:31'),
(1284, 11, 'G', 12, 'regular', '2026-07-17 15:43:31'),
(1285, 11, 'H', 1, 'regular', '2026-07-17 15:43:31'),
(1286, 11, 'H', 2, 'regular', '2026-07-17 15:43:31'),
(1287, 11, 'H', 3, 'regular', '2026-07-17 15:43:31'),
(1288, 11, 'H', 4, 'regular', '2026-07-17 15:43:31'),
(1289, 11, 'H', 5, 'regular', '2026-07-17 15:43:31'),
(1290, 11, 'H', 6, 'regular', '2026-07-17 15:43:31'),
(1291, 11, 'H', 7, 'regular', '2026-07-17 15:43:31'),
(1292, 11, 'H', 8, 'regular', '2026-07-17 15:43:31'),
(1293, 11, 'H', 9, 'regular', '2026-07-17 15:43:31'),
(1294, 11, 'H', 10, 'regular', '2026-07-17 15:43:31'),
(1295, 11, 'H', 11, 'regular', '2026-07-17 15:43:31'),
(1296, 11, 'H', 12, 'regular', '2026-07-17 15:43:31'),
(1297, 11, 'I', 1, 'premium', '2026-07-17 15:43:31'),
(1298, 11, 'I', 2, 'premium', '2026-07-17 15:43:31'),
(1299, 11, 'I', 3, 'premium', '2026-07-17 15:43:32'),
(1300, 11, 'I', 4, 'premium', '2026-07-17 15:43:32'),
(1301, 11, 'I', 5, 'premium', '2026-07-17 15:43:32'),
(1302, 11, 'I', 6, 'premium', '2026-07-17 15:43:32'),
(1303, 11, 'I', 7, 'premium', '2026-07-17 15:43:32'),
(1304, 11, 'I', 8, 'premium', '2026-07-17 15:43:32'),
(1305, 11, 'I', 9, 'premium', '2026-07-17 15:43:32'),
(1306, 11, 'I', 10, 'premium', '2026-07-17 15:43:32'),
(1307, 11, 'I', 11, 'premium', '2026-07-17 15:43:32'),
(1308, 11, 'I', 12, 'premium', '2026-07-17 15:43:32'),
(1309, 11, 'J', 1, 'vip', '2026-07-17 15:43:32'),
(1310, 11, 'J', 2, 'vip', '2026-07-17 15:43:32'),
(1311, 11, 'J', 3, 'vip', '2026-07-17 15:43:32'),
(1312, 11, 'J', 4, 'vip', '2026-07-17 15:43:32'),
(1313, 11, 'J', 5, 'vip', '2026-07-17 15:43:32'),
(1314, 11, 'J', 6, 'vip', '2026-07-17 15:43:33'),
(1315, 11, 'J', 7, 'vip', '2026-07-17 15:43:33'),
(1316, 11, 'J', 8, 'vip', '2026-07-17 15:43:33'),
(1317, 11, 'J', 9, 'vip', '2026-07-17 15:43:33'),
(1318, 11, 'J', 10, 'vip', '2026-07-17 15:43:33'),
(1319, 11, 'J', 11, 'vip', '2026-07-17 15:43:33'),
(1320, 11, 'J', 12, 'vip', '2026-07-17 15:43:33'),
(1321, 12, 'A', 1, 'regular', '2026-07-17 15:43:33'),
(1322, 12, 'A', 2, 'regular', '2026-07-17 15:43:33'),
(1323, 12, 'A', 3, 'regular', '2026-07-17 15:43:33'),
(1324, 12, 'A', 4, 'regular', '2026-07-17 15:43:33'),
(1325, 12, 'A', 5, 'regular', '2026-07-17 15:43:33'),
(1326, 12, 'A', 6, 'regular', '2026-07-17 15:43:33'),
(1327, 12, 'A', 7, 'regular', '2026-07-17 15:43:33'),
(1328, 12, 'A', 8, 'regular', '2026-07-17 15:43:33'),
(1329, 12, 'A', 9, 'regular', '2026-07-17 15:43:34'),
(1330, 12, 'A', 10, 'regular', '2026-07-17 15:43:34'),
(1331, 12, 'A', 11, 'regular', '2026-07-17 15:43:34'),
(1332, 12, 'A', 12, 'regular', '2026-07-17 15:43:34'),
(1333, 12, 'B', 1, 'regular', '2026-07-17 15:43:34'),
(1334, 12, 'B', 2, 'regular', '2026-07-17 15:43:34'),
(1335, 12, 'B', 3, 'regular', '2026-07-17 15:43:34'),
(1336, 12, 'B', 4, 'regular', '2026-07-17 15:43:34'),
(1337, 12, 'B', 5, 'regular', '2026-07-17 15:43:34'),
(1338, 12, 'B', 6, 'regular', '2026-07-17 15:43:34'),
(1339, 12, 'B', 7, 'regular', '2026-07-17 15:43:35'),
(1340, 12, 'B', 8, 'regular', '2026-07-17 15:43:35'),
(1341, 12, 'B', 9, 'regular', '2026-07-17 15:43:35'),
(1342, 12, 'B', 10, 'regular', '2026-07-17 15:43:35'),
(1343, 12, 'B', 11, 'regular', '2026-07-17 15:43:35'),
(1344, 12, 'B', 12, 'regular', '2026-07-17 15:43:35'),
(1345, 12, 'C', 1, 'regular', '2026-07-17 15:43:35'),
(1346, 12, 'C', 2, 'regular', '2026-07-17 15:43:35'),
(1347, 12, 'C', 3, 'regular', '2026-07-17 15:43:35'),
(1348, 12, 'C', 4, 'regular', '2026-07-17 15:43:35'),
(1349, 12, 'C', 5, 'regular', '2026-07-17 15:43:35'),
(1350, 12, 'C', 6, 'regular', '2026-07-17 15:43:35'),
(1351, 12, 'C', 7, 'regular', '2026-07-17 15:43:35'),
(1352, 12, 'C', 8, 'regular', '2026-07-17 15:43:35'),
(1353, 12, 'C', 9, 'regular', '2026-07-17 15:43:36'),
(1354, 12, 'C', 10, 'regular', '2026-07-17 15:43:36'),
(1355, 12, 'C', 11, 'regular', '2026-07-17 15:43:36'),
(1356, 12, 'C', 12, 'regular', '2026-07-17 15:43:36'),
(1357, 12, 'D', 1, 'regular', '2026-07-17 15:43:36'),
(1358, 12, 'D', 2, 'regular', '2026-07-17 15:43:36'),
(1359, 12, 'D', 3, 'regular', '2026-07-17 15:43:36'),
(1360, 12, 'D', 4, 'regular', '2026-07-17 15:43:36'),
(1361, 12, 'D', 5, 'regular', '2026-07-17 15:43:36'),
(1362, 12, 'D', 6, 'regular', '2026-07-17 15:43:36'),
(1363, 12, 'D', 7, 'regular', '2026-07-17 15:43:36'),
(1364, 12, 'D', 8, 'regular', '2026-07-17 15:43:36'),
(1365, 12, 'D', 9, 'regular', '2026-07-17 15:43:36'),
(1366, 12, 'D', 10, 'regular', '2026-07-17 15:43:36'),
(1367, 12, 'D', 11, 'regular', '2026-07-17 15:43:37'),
(1368, 12, 'D', 12, 'regular', '2026-07-17 15:43:37'),
(1369, 12, 'E', 1, 'regular', '2026-07-17 15:43:37'),
(1370, 12, 'E', 2, 'regular', '2026-07-17 15:43:37'),
(1371, 12, 'E', 3, 'regular', '2026-07-17 15:43:37'),
(1372, 12, 'E', 4, 'regular', '2026-07-17 15:43:37'),
(1373, 12, 'E', 5, 'regular', '2026-07-17 15:43:37'),
(1374, 12, 'E', 6, 'regular', '2026-07-17 15:43:37'),
(1375, 12, 'E', 7, 'regular', '2026-07-17 15:43:37'),
(1376, 12, 'E', 8, 'regular', '2026-07-17 15:43:37'),
(1377, 12, 'E', 9, 'regular', '2026-07-17 15:43:37'),
(1378, 12, 'E', 10, 'regular', '2026-07-17 15:43:38'),
(1379, 12, 'E', 11, 'regular', '2026-07-17 15:43:38'),
(1380, 12, 'E', 12, 'regular', '2026-07-17 15:43:38'),
(1381, 12, 'F', 1, 'regular', '2026-07-17 15:43:38'),
(1382, 12, 'F', 2, 'regular', '2026-07-17 15:43:38'),
(1383, 12, 'F', 3, 'regular', '2026-07-17 15:43:38'),
(1384, 12, 'F', 4, 'regular', '2026-07-17 15:43:38'),
(1385, 12, 'F', 5, 'regular', '2026-07-17 15:43:38'),
(1386, 12, 'F', 6, 'regular', '2026-07-17 15:43:38'),
(1387, 12, 'F', 7, 'regular', '2026-07-17 15:43:38'),
(1388, 12, 'F', 8, 'regular', '2026-07-17 15:43:38'),
(1389, 12, 'F', 9, 'regular', '2026-07-17 15:43:38'),
(1390, 12, 'F', 10, 'regular', '2026-07-17 15:43:38'),
(1391, 12, 'F', 11, 'regular', '2026-07-17 15:43:39'),
(1392, 12, 'F', 12, 'regular', '2026-07-17 15:43:39'),
(1393, 12, 'G', 1, 'regular', '2026-07-17 15:43:39'),
(1394, 12, 'G', 2, 'regular', '2026-07-17 15:43:39'),
(1395, 12, 'G', 3, 'regular', '2026-07-17 15:43:39'),
(1396, 12, 'G', 4, 'regular', '2026-07-17 15:43:39'),
(1397, 12, 'G', 5, 'regular', '2026-07-17 15:43:39'),
(1398, 12, 'G', 6, 'regular', '2026-07-17 15:43:39'),
(1399, 12, 'G', 7, 'regular', '2026-07-17 15:43:39'),
(1400, 12, 'G', 8, 'regular', '2026-07-17 15:43:39'),
(1401, 12, 'G', 9, 'regular', '2026-07-17 15:43:39'),
(1402, 12, 'G', 10, 'regular', '2026-07-17 15:43:39'),
(1403, 12, 'G', 11, 'regular', '2026-07-17 15:43:39'),
(1404, 12, 'G', 12, 'regular', '2026-07-17 15:43:39'),
(1405, 12, 'H', 1, 'regular', '2026-07-17 15:43:39'),
(1406, 12, 'H', 2, 'regular', '2026-07-17 15:43:39'),
(1407, 12, 'H', 3, 'regular', '2026-07-17 15:43:40'),
(1408, 12, 'H', 4, 'regular', '2026-07-17 15:43:40'),
(1409, 12, 'H', 5, 'regular', '2026-07-17 15:43:40'),
(1410, 12, 'H', 6, 'regular', '2026-07-17 15:43:40'),
(1411, 12, 'H', 7, 'regular', '2026-07-17 15:43:40'),
(1412, 12, 'H', 8, 'regular', '2026-07-17 15:43:40'),
(1413, 12, 'H', 9, 'regular', '2026-07-17 15:43:40'),
(1414, 12, 'H', 10, 'regular', '2026-07-17 15:43:40'),
(1415, 12, 'H', 11, 'regular', '2026-07-17 15:43:40'),
(1416, 12, 'H', 12, 'regular', '2026-07-17 15:43:40'),
(1417, 12, 'I', 1, 'premium', '2026-07-17 15:43:40'),
(1418, 12, 'I', 2, 'premium', '2026-07-17 15:43:40'),
(1419, 12, 'I', 3, 'premium', '2026-07-17 15:43:40'),
(1420, 12, 'I', 4, 'premium', '2026-07-17 15:43:40'),
(1421, 12, 'I', 5, 'premium', '2026-07-17 15:43:40'),
(1422, 12, 'I', 6, 'premium', '2026-07-17 15:43:41'),
(1423, 12, 'I', 7, 'premium', '2026-07-17 15:43:41'),
(1424, 12, 'I', 8, 'premium', '2026-07-17 15:43:41'),
(1425, 12, 'I', 9, 'premium', '2026-07-17 15:43:41'),
(1426, 12, 'I', 10, 'premium', '2026-07-17 15:43:41'),
(1427, 12, 'I', 11, 'premium', '2026-07-17 15:43:41'),
(1428, 12, 'I', 12, 'premium', '2026-07-17 15:43:41'),
(1429, 12, 'J', 1, 'vip', '2026-07-17 15:43:41'),
(1430, 12, 'J', 2, 'vip', '2026-07-17 15:43:41'),
(1431, 12, 'J', 3, 'vip', '2026-07-17 15:43:41'),
(1432, 12, 'J', 4, 'vip', '2026-07-17 15:43:41'),
(1433, 12, 'J', 5, 'vip', '2026-07-17 15:43:41'),
(1434, 12, 'J', 6, 'vip', '2026-07-17 15:43:42'),
(1435, 12, 'J', 7, 'vip', '2026-07-17 15:43:42'),
(1436, 12, 'J', 8, 'vip', '2026-07-17 15:43:42'),
(1437, 12, 'J', 9, 'vip', '2026-07-17 15:43:42'),
(1438, 12, 'J', 10, 'vip', '2026-07-17 15:43:42'),
(1439, 12, 'J', 11, 'vip', '2026-07-17 15:43:42'),
(1440, 12, 'J', 12, 'vip', '2026-07-17 15:43:42'),
(1441, 13, 'A', 1, 'regular', '2026-07-17 15:43:42'),
(1442, 13, 'A', 2, 'regular', '2026-07-17 15:43:42'),
(1443, 13, 'A', 3, 'regular', '2026-07-17 15:43:42'),
(1444, 13, 'A', 4, 'regular', '2026-07-17 15:43:42'),
(1445, 13, 'A', 5, 'regular', '2026-07-17 15:43:43'),
(1446, 13, 'A', 6, 'regular', '2026-07-17 15:43:43'),
(1447, 13, 'A', 7, 'regular', '2026-07-17 15:43:43'),
(1448, 13, 'A', 8, 'regular', '2026-07-17 15:43:43'),
(1449, 13, 'A', 9, 'regular', '2026-07-17 15:43:43'),
(1450, 13, 'A', 10, 'regular', '2026-07-17 15:43:43'),
(1451, 13, 'A', 11, 'regular', '2026-07-17 15:43:43'),
(1452, 13, 'A', 12, 'regular', '2026-07-17 15:43:43'),
(1453, 13, 'B', 1, 'regular', '2026-07-17 15:43:43'),
(1454, 13, 'B', 2, 'regular', '2026-07-17 15:43:43'),
(1455, 13, 'B', 3, 'regular', '2026-07-17 15:43:43'),
(1456, 13, 'B', 4, 'regular', '2026-07-17 15:43:44'),
(1457, 13, 'B', 5, 'regular', '2026-07-17 15:43:44'),
(1458, 13, 'B', 6, 'regular', '2026-07-17 15:43:44'),
(1459, 13, 'B', 7, 'regular', '2026-07-17 15:43:44'),
(1460, 13, 'B', 8, 'regular', '2026-07-17 15:43:44'),
(1461, 13, 'B', 9, 'regular', '2026-07-17 15:43:44'),
(1462, 13, 'B', 10, 'regular', '2026-07-17 15:43:44'),
(1463, 13, 'B', 11, 'regular', '2026-07-17 15:43:44'),
(1464, 13, 'B', 12, 'regular', '2026-07-17 15:43:44'),
(1465, 13, 'C', 1, 'regular', '2026-07-17 15:43:44'),
(1466, 13, 'C', 2, 'regular', '2026-07-17 15:43:44'),
(1467, 13, 'C', 3, 'regular', '2026-07-17 15:43:44'),
(1468, 13, 'C', 4, 'regular', '2026-07-17 15:43:44'),
(1469, 13, 'C', 5, 'regular', '2026-07-17 15:43:44'),
(1470, 13, 'C', 6, 'regular', '2026-07-17 15:43:44'),
(1471, 13, 'C', 7, 'regular', '2026-07-17 15:43:44'),
(1472, 13, 'C', 8, 'regular', '2026-07-17 15:43:45'),
(1473, 13, 'C', 9, 'regular', '2026-07-17 15:43:45'),
(1474, 13, 'C', 10, 'regular', '2026-07-17 15:43:45'),
(1475, 13, 'C', 11, 'regular', '2026-07-17 15:43:45'),
(1476, 13, 'C', 12, 'regular', '2026-07-17 15:43:45'),
(1477, 13, 'D', 1, 'regular', '2026-07-17 15:43:45'),
(1478, 13, 'D', 2, 'regular', '2026-07-17 15:43:45'),
(1479, 13, 'D', 3, 'regular', '2026-07-17 15:43:45'),
(1480, 13, 'D', 4, 'regular', '2026-07-17 15:43:45'),
(1481, 13, 'D', 5, 'regular', '2026-07-17 15:43:45'),
(1482, 13, 'D', 6, 'regular', '2026-07-17 15:43:45'),
(1483, 13, 'D', 7, 'regular', '2026-07-17 15:43:45'),
(1484, 13, 'D', 8, 'regular', '2026-07-17 15:43:45'),
(1485, 13, 'D', 9, 'regular', '2026-07-17 15:43:45'),
(1486, 13, 'D', 10, 'regular', '2026-07-17 15:43:46'),
(1487, 13, 'D', 11, 'regular', '2026-07-17 15:43:46'),
(1488, 13, 'D', 12, 'regular', '2026-07-17 15:43:46'),
(1489, 13, 'E', 1, 'regular', '2026-07-17 15:43:46'),
(1490, 13, 'E', 2, 'regular', '2026-07-17 15:43:46'),
(1491, 13, 'E', 3, 'regular', '2026-07-17 15:43:46'),
(1492, 13, 'E', 4, 'regular', '2026-07-17 15:43:46'),
(1493, 13, 'E', 5, 'regular', '2026-07-17 15:43:46'),
(1494, 13, 'E', 6, 'regular', '2026-07-17 15:43:46'),
(1495, 13, 'E', 7, 'regular', '2026-07-17 15:43:46'),
(1496, 13, 'E', 8, 'regular', '2026-07-17 15:43:46'),
(1497, 13, 'E', 9, 'regular', '2026-07-17 15:43:46'),
(1498, 13, 'E', 10, 'regular', '2026-07-17 15:43:47'),
(1499, 13, 'E', 11, 'regular', '2026-07-17 15:43:47'),
(1500, 13, 'E', 12, 'regular', '2026-07-17 15:43:47'),
(1501, 13, 'F', 1, 'regular', '2026-07-17 15:43:47'),
(1502, 13, 'F', 2, 'regular', '2026-07-17 15:43:47'),
(1503, 13, 'F', 3, 'regular', '2026-07-17 15:43:47'),
(1504, 13, 'F', 4, 'regular', '2026-07-17 15:43:47'),
(1505, 13, 'F', 5, 'regular', '2026-07-17 15:43:47'),
(1506, 13, 'F', 6, 'regular', '2026-07-17 15:43:47'),
(1507, 13, 'F', 7, 'regular', '2026-07-17 15:43:47'),
(1508, 13, 'F', 8, 'regular', '2026-07-17 15:43:47'),
(1509, 13, 'F', 9, 'regular', '2026-07-17 15:43:48'),
(1510, 13, 'F', 10, 'regular', '2026-07-17 15:43:48'),
(1511, 13, 'F', 11, 'regular', '2026-07-17 15:43:48'),
(1512, 13, 'F', 12, 'regular', '2026-07-17 15:43:48'),
(1513, 13, 'G', 1, 'regular', '2026-07-17 15:43:48'),
(1514, 13, 'G', 2, 'regular', '2026-07-17 15:43:48'),
(1515, 13, 'G', 3, 'regular', '2026-07-17 15:43:48'),
(1516, 13, 'G', 4, 'regular', '2026-07-17 15:43:48'),
(1517, 13, 'G', 5, 'regular', '2026-07-17 15:43:48'),
(1518, 13, 'G', 6, 'regular', '2026-07-17 15:43:48'),
(1519, 13, 'G', 7, 'regular', '2026-07-17 15:43:48'),
(1520, 13, 'G', 8, 'regular', '2026-07-17 15:43:48'),
(1521, 13, 'G', 9, 'regular', '2026-07-17 15:43:48'),
(1522, 13, 'G', 10, 'regular', '2026-07-17 15:43:48'),
(1523, 13, 'G', 11, 'regular', '2026-07-17 15:43:48'),
(1524, 13, 'G', 12, 'regular', '2026-07-17 15:43:49'),
(1525, 13, 'H', 1, 'regular', '2026-07-17 15:43:49'),
(1526, 13, 'H', 2, 'regular', '2026-07-17 15:43:49'),
(1527, 13, 'H', 3, 'regular', '2026-07-17 15:43:49'),
(1528, 13, 'H', 4, 'regular', '2026-07-17 15:43:49'),
(1529, 13, 'H', 5, 'regular', '2026-07-17 15:43:49'),
(1530, 13, 'H', 6, 'regular', '2026-07-17 15:43:49'),
(1531, 13, 'H', 7, 'regular', '2026-07-17 15:43:49'),
(1532, 13, 'H', 8, 'regular', '2026-07-17 15:43:49'),
(1533, 13, 'H', 9, 'regular', '2026-07-17 15:43:49'),
(1534, 13, 'H', 10, 'regular', '2026-07-17 15:43:50'),
(1535, 13, 'H', 11, 'regular', '2026-07-17 15:43:50'),
(1536, 13, 'H', 12, 'regular', '2026-07-17 15:43:50'),
(1537, 13, 'I', 1, 'premium', '2026-07-17 15:43:50'),
(1538, 13, 'I', 2, 'premium', '2026-07-17 15:43:50'),
(1539, 13, 'I', 3, 'premium', '2026-07-17 15:43:50'),
(1540, 13, 'I', 4, 'premium', '2026-07-17 15:43:50'),
(1541, 13, 'I', 5, 'premium', '2026-07-17 15:43:50'),
(1542, 13, 'I', 6, 'premium', '2026-07-17 15:43:50'),
(1543, 13, 'I', 7, 'premium', '2026-07-17 15:43:50'),
(1544, 13, 'I', 8, 'premium', '2026-07-17 15:43:50'),
(1545, 13, 'I', 9, 'premium', '2026-07-17 15:43:50'),
(1546, 13, 'I', 10, 'premium', '2026-07-17 15:43:50'),
(1547, 13, 'I', 11, 'premium', '2026-07-17 15:43:50'),
(1548, 13, 'I', 12, 'premium', '2026-07-17 15:43:50'),
(1549, 13, 'J', 1, 'vip', '2026-07-17 15:43:51'),
(1550, 13, 'J', 2, 'vip', '2026-07-17 15:43:51'),
(1551, 13, 'J', 3, 'vip', '2026-07-17 15:43:51'),
(1552, 13, 'J', 4, 'vip', '2026-07-17 15:43:51'),
(1553, 13, 'J', 5, 'vip', '2026-07-17 15:43:51'),
(1554, 13, 'J', 6, 'vip', '2026-07-17 15:43:51'),
(1555, 13, 'J', 7, 'vip', '2026-07-17 15:43:51'),
(1556, 13, 'J', 8, 'vip', '2026-07-17 15:43:51'),
(1557, 13, 'J', 9, 'vip', '2026-07-17 15:43:51'),
(1558, 13, 'J', 10, 'vip', '2026-07-17 15:43:51'),
(1559, 13, 'J', 11, 'vip', '2026-07-17 15:43:51'),
(1560, 13, 'J', 12, 'vip', '2026-07-17 15:43:52'),
(1561, 14, 'A', 1, 'regular', '2026-07-17 15:43:52'),
(1562, 14, 'A', 2, 'regular', '2026-07-17 15:43:52'),
(1563, 14, 'A', 3, 'regular', '2026-07-17 15:43:52'),
(1564, 14, 'A', 4, 'regular', '2026-07-17 15:43:52'),
(1565, 14, 'A', 5, 'regular', '2026-07-17 15:43:52'),
(1566, 14, 'A', 6, 'regular', '2026-07-17 15:43:52'),
(1567, 14, 'A', 7, 'regular', '2026-07-17 15:43:52'),
(1568, 14, 'A', 8, 'regular', '2026-07-17 15:43:52'),
(1569, 14, 'A', 9, 'regular', '2026-07-17 15:43:52'),
(1570, 14, 'A', 10, 'regular', '2026-07-17 15:43:52'),
(1571, 14, 'A', 11, 'regular', '2026-07-17 15:43:52'),
(1572, 14, 'A', 12, 'regular', '2026-07-17 15:43:52'),
(1573, 14, 'B', 1, 'regular', '2026-07-17 15:43:53'),
(1574, 14, 'B', 2, 'regular', '2026-07-17 15:43:53'),
(1575, 14, 'B', 3, 'regular', '2026-07-17 15:43:53'),
(1576, 14, 'B', 4, 'regular', '2026-07-17 15:43:53'),
(1577, 14, 'B', 5, 'regular', '2026-07-17 15:43:53'),
(1578, 14, 'B', 6, 'regular', '2026-07-17 15:43:53'),
(1579, 14, 'B', 7, 'regular', '2026-07-17 15:43:53'),
(1580, 14, 'B', 8, 'regular', '2026-07-17 15:43:53'),
(1581, 14, 'B', 9, 'regular', '2026-07-17 15:43:53'),
(1582, 14, 'B', 10, 'regular', '2026-07-17 15:43:53'),
(1583, 14, 'B', 11, 'regular', '2026-07-17 15:43:53'),
(1584, 14, 'B', 12, 'regular', '2026-07-17 15:43:54'),
(1585, 14, 'C', 1, 'regular', '2026-07-17 15:43:54'),
(1586, 14, 'C', 2, 'regular', '2026-07-17 15:43:54'),
(1587, 14, 'C', 3, 'regular', '2026-07-17 15:43:54'),
(1588, 14, 'C', 4, 'regular', '2026-07-17 15:43:54'),
(1589, 14, 'C', 5, 'regular', '2026-07-17 15:43:54'),
(1590, 14, 'C', 6, 'regular', '2026-07-17 15:43:54'),
(1591, 14, 'C', 7, 'regular', '2026-07-17 15:43:54'),
(1592, 14, 'C', 8, 'regular', '2026-07-17 15:43:54'),
(1593, 14, 'C', 9, 'regular', '2026-07-17 15:43:54'),
(1594, 14, 'C', 10, 'regular', '2026-07-17 15:43:54'),
(1595, 14, 'C', 11, 'regular', '2026-07-17 15:43:54'),
(1596, 14, 'C', 12, 'regular', '2026-07-17 15:43:54'),
(1597, 14, 'D', 1, 'regular', '2026-07-17 15:43:54'),
(1598, 14, 'D', 2, 'regular', '2026-07-17 15:43:54'),
(1599, 14, 'D', 3, 'regular', '2026-07-17 15:43:54'),
(1600, 14, 'D', 4, 'regular', '2026-07-17 15:43:55'),
(1601, 14, 'D', 5, 'regular', '2026-07-17 15:43:55'),
(1602, 14, 'D', 6, 'regular', '2026-07-17 15:43:55'),
(1603, 14, 'D', 7, 'regular', '2026-07-17 15:43:55'),
(1604, 14, 'D', 8, 'regular', '2026-07-17 15:43:55'),
(1605, 14, 'D', 9, 'regular', '2026-07-17 15:43:55'),
(1606, 14, 'D', 10, 'regular', '2026-07-17 15:43:55'),
(1607, 14, 'D', 11, 'regular', '2026-07-17 15:43:55'),
(1608, 14, 'D', 12, 'regular', '2026-07-17 15:43:55'),
(1609, 14, 'E', 1, 'regular', '2026-07-17 15:43:55'),
(1610, 14, 'E', 2, 'regular', '2026-07-17 15:43:55'),
(1611, 14, 'E', 3, 'regular', '2026-07-17 15:43:55'),
(1612, 14, 'E', 4, 'regular', '2026-07-17 15:43:55'),
(1613, 14, 'E', 5, 'regular', '2026-07-17 15:43:55'),
(1614, 14, 'E', 6, 'regular', '2026-07-17 15:43:55'),
(1615, 14, 'E', 7, 'regular', '2026-07-17 15:43:55'),
(1616, 14, 'E', 8, 'regular', '2026-07-17 15:43:55'),
(1617, 14, 'E', 9, 'regular', '2026-07-17 15:43:55'),
(1618, 14, 'E', 10, 'regular', '2026-07-17 15:43:56'),
(1619, 14, 'E', 11, 'regular', '2026-07-17 15:43:56'),
(1620, 14, 'E', 12, 'regular', '2026-07-17 15:43:56'),
(1621, 14, 'F', 1, 'regular', '2026-07-17 15:43:56'),
(1622, 14, 'F', 2, 'regular', '2026-07-17 15:43:56'),
(1623, 14, 'F', 3, 'regular', '2026-07-17 15:43:56'),
(1624, 14, 'F', 4, 'regular', '2026-07-17 15:43:56'),
(1625, 14, 'F', 5, 'regular', '2026-07-17 15:43:56'),
(1626, 14, 'F', 6, 'regular', '2026-07-17 15:43:56'),
(1627, 14, 'F', 7, 'regular', '2026-07-17 15:43:56'),
(1628, 14, 'F', 8, 'regular', '2026-07-17 15:43:56'),
(1629, 14, 'F', 9, 'regular', '2026-07-17 15:43:56'),
(1630, 14, 'F', 10, 'regular', '2026-07-17 15:43:56'),
(1631, 14, 'F', 11, 'regular', '2026-07-17 15:43:56'),
(1632, 14, 'F', 12, 'regular', '2026-07-17 15:43:56'),
(1633, 14, 'G', 1, 'regular', '2026-07-17 15:43:56'),
(1634, 14, 'G', 2, 'regular', '2026-07-17 15:43:57'),
(1635, 14, 'G', 3, 'regular', '2026-07-17 15:43:57'),
(1636, 14, 'G', 4, 'regular', '2026-07-17 15:43:57'),
(1637, 14, 'G', 5, 'regular', '2026-07-17 15:43:57'),
(1638, 14, 'G', 6, 'regular', '2026-07-17 15:43:57'),
(1639, 14, 'G', 7, 'regular', '2026-07-17 15:43:57'),
(1640, 14, 'G', 8, 'regular', '2026-07-17 15:43:57'),
(1641, 14, 'G', 9, 'regular', '2026-07-17 15:43:57'),
(1642, 14, 'G', 10, 'regular', '2026-07-17 15:43:57'),
(1643, 14, 'G', 11, 'regular', '2026-07-17 15:43:57'),
(1644, 14, 'G', 12, 'regular', '2026-07-17 15:43:57'),
(1645, 14, 'H', 1, 'regular', '2026-07-17 15:43:57'),
(1646, 14, 'H', 2, 'regular', '2026-07-17 15:43:57'),
(1647, 14, 'H', 3, 'regular', '2026-07-17 15:43:57'),
(1648, 14, 'H', 4, 'regular', '2026-07-17 15:43:58'),
(1649, 14, 'H', 5, 'regular', '2026-07-17 15:43:58'),
(1650, 14, 'H', 6, 'regular', '2026-07-17 15:43:58'),
(1651, 14, 'H', 7, 'regular', '2026-07-17 15:43:58'),
(1652, 14, 'H', 8, 'regular', '2026-07-17 15:43:58'),
(1653, 14, 'H', 9, 'regular', '2026-07-17 15:43:58'),
(1654, 14, 'H', 10, 'regular', '2026-07-17 15:43:58'),
(1655, 14, 'H', 11, 'regular', '2026-07-17 15:43:58'),
(1656, 14, 'H', 12, 'regular', '2026-07-17 15:43:58'),
(1657, 14, 'I', 1, 'premium', '2026-07-17 15:43:58'),
(1658, 14, 'I', 2, 'premium', '2026-07-17 15:43:58'),
(1659, 14, 'I', 3, 'premium', '2026-07-17 15:43:58'),
(1660, 14, 'I', 4, 'premium', '2026-07-17 15:43:59'),
(1661, 14, 'I', 5, 'premium', '2026-07-17 15:43:59'),
(1662, 14, 'I', 6, 'premium', '2026-07-17 15:43:59'),
(1663, 14, 'I', 7, 'premium', '2026-07-17 15:43:59'),
(1664, 14, 'I', 8, 'premium', '2026-07-17 15:43:59'),
(1665, 14, 'I', 9, 'premium', '2026-07-17 15:43:59'),
(1666, 14, 'I', 10, 'premium', '2026-07-17 15:43:59'),
(1667, 14, 'I', 11, 'premium', '2026-07-17 15:43:59'),
(1668, 14, 'I', 12, 'premium', '2026-07-17 15:43:59'),
(1669, 14, 'J', 1, 'vip', '2026-07-17 15:43:59'),
(1670, 14, 'J', 2, 'vip', '2026-07-17 15:43:59'),
(1671, 14, 'J', 3, 'vip', '2026-07-17 15:43:59'),
(1672, 14, 'J', 4, 'vip', '2026-07-17 15:43:59'),
(1673, 14, 'J', 5, 'vip', '2026-07-17 15:43:59'),
(1674, 14, 'J', 6, 'vip', '2026-07-17 15:44:00'),
(1675, 14, 'J', 7, 'vip', '2026-07-17 15:44:00'),
(1676, 14, 'J', 8, 'vip', '2026-07-17 15:44:00'),
(1677, 14, 'J', 9, 'vip', '2026-07-17 15:44:00'),
(1678, 14, 'J', 10, 'vip', '2026-07-17 15:44:00'),
(1679, 14, 'J', 11, 'vip', '2026-07-17 15:44:00'),
(1680, 14, 'J', 12, 'vip', '2026-07-17 15:44:00'),
(1681, 15, 'A', 1, 'regular', '2026-07-17 15:44:00'),
(1682, 15, 'A', 2, 'regular', '2026-07-17 15:44:00'),
(1683, 15, 'A', 3, 'regular', '2026-07-17 15:44:00'),
(1684, 15, 'A', 4, 'regular', '2026-07-17 15:44:01'),
(1685, 15, 'A', 5, 'regular', '2026-07-17 15:44:01'),
(1686, 15, 'A', 6, 'regular', '2026-07-17 15:44:01'),
(1687, 15, 'A', 7, 'regular', '2026-07-17 15:44:01'),
(1688, 15, 'A', 8, 'regular', '2026-07-17 15:44:01'),
(1689, 15, 'A', 9, 'regular', '2026-07-17 15:44:01'),
(1690, 15, 'A', 10, 'regular', '2026-07-17 15:44:01'),
(1691, 15, 'A', 11, 'regular', '2026-07-17 15:44:01'),
(1692, 15, 'A', 12, 'regular', '2026-07-17 15:44:01'),
(1693, 15, 'B', 1, 'regular', '2026-07-17 15:44:01'),
(1694, 15, 'B', 2, 'regular', '2026-07-17 15:44:01'),
(1695, 15, 'B', 3, 'regular', '2026-07-17 15:44:01'),
(1696, 15, 'B', 4, 'regular', '2026-07-17 15:44:02'),
(1697, 15, 'B', 5, 'regular', '2026-07-17 15:44:02'),
(1698, 15, 'B', 6, 'regular', '2026-07-17 15:44:02'),
(1699, 15, 'B', 7, 'regular', '2026-07-17 15:44:02'),
(1700, 15, 'B', 8, 'regular', '2026-07-17 15:44:02'),
(1701, 15, 'B', 9, 'regular', '2026-07-17 15:44:02'),
(1702, 15, 'B', 10, 'regular', '2026-07-17 15:44:02'),
(1703, 15, 'B', 11, 'regular', '2026-07-17 15:44:02'),
(1704, 15, 'B', 12, 'regular', '2026-07-17 15:44:02'),
(1705, 15, 'C', 1, 'regular', '2026-07-17 15:44:02'),
(1706, 15, 'C', 2, 'regular', '2026-07-17 15:44:02'),
(1707, 15, 'C', 3, 'regular', '2026-07-17 15:44:02'),
(1708, 15, 'C', 4, 'regular', '2026-07-17 15:44:03'),
(1709, 15, 'C', 5, 'regular', '2026-07-17 15:44:03'),
(1710, 15, 'C', 6, 'regular', '2026-07-17 15:44:03'),
(1711, 15, 'C', 7, 'regular', '2026-07-17 15:44:03'),
(1712, 15, 'C', 8, 'regular', '2026-07-17 15:44:03'),
(1713, 15, 'C', 9, 'regular', '2026-07-17 15:44:03'),
(1714, 15, 'C', 10, 'regular', '2026-07-17 15:44:03'),
(1715, 15, 'C', 11, 'regular', '2026-07-17 15:44:03'),
(1716, 15, 'C', 12, 'regular', '2026-07-17 15:44:03'),
(1717, 15, 'D', 1, 'regular', '2026-07-17 15:44:03'),
(1718, 15, 'D', 2, 'regular', '2026-07-17 15:44:04'),
(1719, 15, 'D', 3, 'regular', '2026-07-17 15:44:04'),
(1720, 15, 'D', 4, 'regular', '2026-07-17 15:44:04'),
(1721, 15, 'D', 5, 'regular', '2026-07-17 15:44:04'),
(1722, 15, 'D', 6, 'regular', '2026-07-17 15:44:04'),
(1723, 15, 'D', 7, 'regular', '2026-07-17 15:44:04'),
(1724, 15, 'D', 8, 'regular', '2026-07-17 15:44:04'),
(1725, 15, 'D', 9, 'regular', '2026-07-17 15:44:04'),
(1726, 15, 'D', 10, 'regular', '2026-07-17 15:44:04'),
(1727, 15, 'D', 11, 'regular', '2026-07-17 15:44:04'),
(1728, 15, 'D', 12, 'regular', '2026-07-17 15:44:04'),
(1729, 15, 'E', 1, 'regular', '2026-07-17 15:44:04'),
(1730, 15, 'E', 2, 'regular', '2026-07-17 15:44:04'),
(1731, 15, 'E', 3, 'regular', '2026-07-17 15:44:05'),
(1732, 15, 'E', 4, 'regular', '2026-07-17 15:44:05'),
(1733, 15, 'E', 5, 'regular', '2026-07-17 15:44:05'),
(1734, 15, 'E', 6, 'regular', '2026-07-17 15:44:05'),
(1735, 15, 'E', 7, 'regular', '2026-07-17 15:44:05'),
(1736, 15, 'E', 8, 'regular', '2026-07-17 15:44:05'),
(1737, 15, 'E', 9, 'regular', '2026-07-17 15:44:05'),
(1738, 15, 'E', 10, 'regular', '2026-07-17 15:44:05'),
(1739, 15, 'E', 11, 'regular', '2026-07-17 15:44:05'),
(1740, 15, 'E', 12, 'regular', '2026-07-17 15:44:05'),
(1741, 15, 'F', 1, 'regular', '2026-07-17 15:44:05'),
(1742, 15, 'F', 2, 'regular', '2026-07-17 15:44:05'),
(1743, 15, 'F', 3, 'regular', '2026-07-17 15:44:05'),
(1744, 15, 'F', 4, 'regular', '2026-07-17 15:44:05'),
(1745, 15, 'F', 5, 'regular', '2026-07-17 15:44:05'),
(1746, 15, 'F', 6, 'regular', '2026-07-17 15:44:06'),
(1747, 15, 'F', 7, 'regular', '2026-07-17 15:44:06'),
(1748, 15, 'F', 8, 'regular', '2026-07-17 15:44:06'),
(1749, 15, 'F', 9, 'regular', '2026-07-17 15:44:06'),
(1750, 15, 'F', 10, 'regular', '2026-07-17 15:44:06'),
(1751, 15, 'F', 11, 'regular', '2026-07-17 15:44:06'),
(1752, 15, 'F', 12, 'regular', '2026-07-17 15:44:06'),
(1753, 15, 'G', 1, 'regular', '2026-07-17 15:44:06'),
(1754, 15, 'G', 2, 'regular', '2026-07-17 15:44:06'),
(1755, 15, 'G', 3, 'regular', '2026-07-17 15:44:06'),
(1756, 15, 'G', 4, 'regular', '2026-07-17 15:44:06'),
(1757, 15, 'G', 5, 'regular', '2026-07-17 15:44:07'),
(1758, 15, 'G', 6, 'regular', '2026-07-17 15:44:07'),
(1759, 15, 'G', 7, 'regular', '2026-07-17 15:44:07'),
(1760, 15, 'G', 8, 'regular', '2026-07-17 15:44:07'),
(1761, 15, 'G', 9, 'regular', '2026-07-17 15:44:07'),
(1762, 15, 'G', 10, 'regular', '2026-07-17 15:44:07'),
(1763, 15, 'G', 11, 'regular', '2026-07-17 15:44:07'),
(1764, 15, 'G', 12, 'regular', '2026-07-17 15:44:07'),
(1765, 15, 'H', 1, 'regular', '2026-07-17 15:44:08'),
(1766, 15, 'H', 2, 'regular', '2026-07-17 15:44:08'),
(1767, 15, 'H', 3, 'regular', '2026-07-17 15:44:08'),
(1768, 15, 'H', 4, 'regular', '2026-07-17 15:44:08'),
(1769, 15, 'H', 5, 'regular', '2026-07-17 15:44:08'),
(1770, 15, 'H', 6, 'regular', '2026-07-17 15:44:08'),
(1771, 15, 'H', 7, 'regular', '2026-07-17 15:44:08'),
(1772, 15, 'H', 8, 'regular', '2026-07-17 15:44:08'),
(1773, 15, 'H', 9, 'regular', '2026-07-17 15:44:08'),
(1774, 15, 'H', 10, 'regular', '2026-07-17 15:44:08'),
(1775, 15, 'H', 11, 'regular', '2026-07-17 15:44:08'),
(1776, 15, 'H', 12, 'regular', '2026-07-17 15:44:08'),
(1777, 15, 'I', 1, 'premium', '2026-07-17 15:44:08'),
(1778, 15, 'I', 2, 'premium', '2026-07-17 15:44:08'),
(1779, 15, 'I', 3, 'premium', '2026-07-17 15:44:09'),
(1780, 15, 'I', 4, 'premium', '2026-07-17 15:44:09'),
(1781, 15, 'I', 5, 'premium', '2026-07-17 15:44:09'),
(1782, 15, 'I', 6, 'premium', '2026-07-17 15:44:09'),
(1783, 15, 'I', 7, 'premium', '2026-07-17 15:44:09'),
(1784, 15, 'I', 8, 'premium', '2026-07-17 15:44:09'),
(1785, 15, 'I', 9, 'premium', '2026-07-17 15:44:09'),
(1786, 15, 'I', 10, 'premium', '2026-07-17 15:44:09'),
(1787, 15, 'I', 11, 'premium', '2026-07-17 15:44:09'),
(1788, 15, 'I', 12, 'premium', '2026-07-17 15:44:09'),
(1789, 15, 'J', 1, 'vip', '2026-07-17 15:44:09'),
(1790, 15, 'J', 2, 'vip', '2026-07-17 15:44:09'),
(1791, 15, 'J', 3, 'vip', '2026-07-17 15:44:09'),
(1792, 15, 'J', 4, 'vip', '2026-07-17 15:44:09'),
(1793, 15, 'J', 5, 'vip', '2026-07-17 15:44:10'),
(1794, 15, 'J', 6, 'vip', '2026-07-17 15:44:10'),
(1795, 15, 'J', 7, 'vip', '2026-07-17 15:44:10'),
(1796, 15, 'J', 8, 'vip', '2026-07-17 15:44:10'),
(1797, 15, 'J', 9, 'vip', '2026-07-17 15:44:10'),
(1798, 15, 'J', 10, 'vip', '2026-07-17 15:44:10'),
(1799, 15, 'J', 11, 'vip', '2026-07-17 15:44:10'),
(1800, 15, 'J', 12, 'vip', '2026-07-17 15:44:10'),
(1801, 16, 'A', 1, 'regular', '2026-07-17 15:44:10'),
(1802, 16, 'A', 2, 'regular', '2026-07-17 15:44:10'),
(1803, 16, 'A', 3, 'regular', '2026-07-17 15:44:10'),
(1804, 16, 'A', 4, 'regular', '2026-07-17 15:44:10'),
(1805, 16, 'A', 5, 'regular', '2026-07-17 15:44:10'),
(1806, 16, 'A', 6, 'regular', '2026-07-17 15:44:10'),
(1807, 16, 'A', 7, 'regular', '2026-07-17 15:44:11'),
(1808, 16, 'A', 8, 'regular', '2026-07-17 15:44:11'),
(1809, 16, 'A', 9, 'regular', '2026-07-17 15:44:11'),
(1810, 16, 'A', 10, 'regular', '2026-07-17 15:44:11'),
(1811, 16, 'A', 11, 'regular', '2026-07-17 15:44:11'),
(1812, 16, 'A', 12, 'regular', '2026-07-17 15:44:11'),
(1813, 16, 'B', 1, 'regular', '2026-07-17 15:44:11'),
(1814, 16, 'B', 2, 'regular', '2026-07-17 15:44:11'),
(1815, 16, 'B', 3, 'regular', '2026-07-17 15:44:11'),
(1816, 16, 'B', 4, 'regular', '2026-07-17 15:44:11'),
(1817, 16, 'B', 5, 'regular', '2026-07-17 15:44:11'),
(1818, 16, 'B', 6, 'regular', '2026-07-17 15:44:12'),
(1819, 16, 'B', 7, 'regular', '2026-07-17 15:44:12'),
(1820, 16, 'B', 8, 'regular', '2026-07-17 15:44:12'),
(1821, 16, 'B', 9, 'regular', '2026-07-17 15:44:12'),
(1822, 16, 'B', 10, 'regular', '2026-07-17 15:44:12'),
(1823, 16, 'B', 11, 'regular', '2026-07-17 15:44:12'),
(1824, 16, 'B', 12, 'regular', '2026-07-17 15:44:12'),
(1825, 16, 'C', 1, 'regular', '2026-07-17 15:44:12'),
(1826, 16, 'C', 2, 'regular', '2026-07-17 15:44:12'),
(1827, 16, 'C', 3, 'regular', '2026-07-17 15:44:12'),
(1828, 16, 'C', 4, 'regular', '2026-07-17 15:44:12'),
(1829, 16, 'C', 5, 'regular', '2026-07-17 15:44:12'),
(1830, 16, 'C', 6, 'regular', '2026-07-17 15:44:12'),
(1831, 16, 'C', 7, 'regular', '2026-07-17 15:44:13'),
(1832, 16, 'C', 8, 'regular', '2026-07-17 15:44:13'),
(1833, 16, 'C', 9, 'regular', '2026-07-17 15:44:13'),
(1834, 16, 'C', 10, 'regular', '2026-07-17 15:44:13'),
(1835, 16, 'C', 11, 'regular', '2026-07-17 15:44:13'),
(1836, 16, 'C', 12, 'regular', '2026-07-17 15:44:13'),
(1837, 16, 'D', 1, 'regular', '2026-07-17 15:44:13'),
(1838, 16, 'D', 2, 'regular', '2026-07-17 15:44:13'),
(1839, 16, 'D', 3, 'regular', '2026-07-17 15:44:13'),
(1840, 16, 'D', 4, 'regular', '2026-07-17 15:44:13'),
(1841, 16, 'D', 5, 'regular', '2026-07-17 15:44:13'),
(1842, 16, 'D', 6, 'regular', '2026-07-17 15:44:13'),
(1843, 16, 'D', 7, 'regular', '2026-07-17 15:44:13'),
(1844, 16, 'D', 8, 'regular', '2026-07-17 15:44:13'),
(1845, 16, 'D', 9, 'regular', '2026-07-17 15:44:14'),
(1846, 16, 'D', 10, 'regular', '2026-07-17 15:44:14'),
(1847, 16, 'D', 11, 'regular', '2026-07-17 15:44:14'),
(1848, 16, 'D', 12, 'regular', '2026-07-17 15:44:14'),
(1849, 16, 'E', 1, 'regular', '2026-07-17 15:44:14'),
(1850, 16, 'E', 2, 'regular', '2026-07-17 15:44:14'),
(1851, 16, 'E', 3, 'regular', '2026-07-17 15:44:14'),
(1852, 16, 'E', 4, 'regular', '2026-07-17 15:44:14'),
(1853, 16, 'E', 5, 'regular', '2026-07-17 15:44:14'),
(1854, 16, 'E', 6, 'regular', '2026-07-17 15:44:14'),
(1855, 16, 'E', 7, 'regular', '2026-07-17 15:44:14'),
(1856, 16, 'E', 8, 'regular', '2026-07-17 15:44:14'),
(1857, 16, 'E', 9, 'regular', '2026-07-17 15:44:14'),
(1858, 16, 'E', 10, 'regular', '2026-07-17 15:44:15'),
(1859, 16, 'E', 11, 'regular', '2026-07-17 15:44:15'),
(1860, 16, 'E', 12, 'regular', '2026-07-17 15:44:15'),
(1861, 16, 'F', 1, 'regular', '2026-07-17 15:44:15'),
(1862, 16, 'F', 2, 'regular', '2026-07-17 15:44:15'),
(1863, 16, 'F', 3, 'regular', '2026-07-17 15:44:15'),
(1864, 16, 'F', 4, 'regular', '2026-07-17 15:44:15'),
(1865, 16, 'F', 5, 'regular', '2026-07-17 15:44:15'),
(1866, 16, 'F', 6, 'regular', '2026-07-17 15:44:15'),
(1867, 16, 'F', 7, 'regular', '2026-07-17 15:44:15'),
(1868, 16, 'F', 8, 'regular', '2026-07-17 15:44:15'),
(1869, 16, 'F', 9, 'regular', '2026-07-17 15:44:16'),
(1870, 16, 'F', 10, 'regular', '2026-07-17 15:44:16'),
(1871, 16, 'F', 11, 'regular', '2026-07-17 15:44:16'),
(1872, 16, 'F', 12, 'regular', '2026-07-17 15:44:16'),
(1873, 16, 'G', 1, 'regular', '2026-07-17 15:44:16'),
(1874, 16, 'G', 2, 'regular', '2026-07-17 15:44:16'),
(1875, 16, 'G', 3, 'regular', '2026-07-17 15:44:16'),
(1876, 16, 'G', 4, 'regular', '2026-07-17 15:44:16'),
(1877, 16, 'G', 5, 'regular', '2026-07-17 15:44:16'),
(1878, 16, 'G', 6, 'regular', '2026-07-17 15:44:16'),
(1879, 16, 'G', 7, 'regular', '2026-07-17 15:44:16'),
(1880, 16, 'G', 8, 'regular', '2026-07-17 15:44:17'),
(1881, 16, 'G', 9, 'regular', '2026-07-17 15:44:17'),
(1882, 16, 'G', 10, 'regular', '2026-07-17 15:44:17'),
(1883, 16, 'G', 11, 'regular', '2026-07-17 15:44:17'),
(1884, 16, 'G', 12, 'regular', '2026-07-17 15:44:17'),
(1885, 16, 'H', 1, 'regular', '2026-07-17 15:44:17'),
(1886, 16, 'H', 2, 'regular', '2026-07-17 15:44:17'),
(1887, 16, 'H', 3, 'regular', '2026-07-17 15:44:17'),
(1888, 16, 'H', 4, 'regular', '2026-07-17 15:44:17'),
(1889, 16, 'H', 5, 'regular', '2026-07-17 15:44:17'),
(1890, 16, 'H', 6, 'regular', '2026-07-17 15:44:17'),
(1891, 16, 'H', 7, 'regular', '2026-07-17 15:44:17'),
(1892, 16, 'H', 8, 'regular', '2026-07-17 15:44:17'),
(1893, 16, 'H', 9, 'regular', '2026-07-17 15:44:17'),
(1894, 16, 'H', 10, 'regular', '2026-07-17 15:44:18'),
(1895, 16, 'H', 11, 'regular', '2026-07-17 15:44:18'),
(1896, 16, 'H', 12, 'regular', '2026-07-17 15:44:18'),
(1897, 16, 'I', 1, 'premium', '2026-07-17 15:44:18'),
(1898, 16, 'I', 2, 'premium', '2026-07-17 15:44:18'),
(1899, 16, 'I', 3, 'premium', '2026-07-17 15:44:18'),
(1900, 16, 'I', 4, 'premium', '2026-07-17 15:44:18'),
(1901, 16, 'I', 5, 'premium', '2026-07-17 15:44:18'),
(1902, 16, 'I', 6, 'premium', '2026-07-17 15:44:18'),
(1903, 16, 'I', 7, 'premium', '2026-07-17 15:44:18'),
(1904, 16, 'I', 8, 'premium', '2026-07-17 15:44:18'),
(1905, 16, 'I', 9, 'premium', '2026-07-17 15:44:19'),
(1906, 16, 'I', 10, 'premium', '2026-07-17 15:44:19'),
(1907, 16, 'I', 11, 'premium', '2026-07-17 15:44:19'),
(1908, 16, 'I', 12, 'premium', '2026-07-17 15:44:19'),
(1909, 16, 'J', 1, 'vip', '2026-07-17 15:44:19'),
(1910, 16, 'J', 2, 'vip', '2026-07-17 15:44:19'),
(1911, 16, 'J', 3, 'vip', '2026-07-17 15:44:19'),
(1912, 16, 'J', 4, 'vip', '2026-07-17 15:44:19'),
(1913, 16, 'J', 5, 'vip', '2026-07-17 15:44:19'),
(1914, 16, 'J', 6, 'vip', '2026-07-17 15:44:19'),
(1915, 16, 'J', 7, 'vip', '2026-07-17 15:44:19'),
(1916, 16, 'J', 8, 'vip', '2026-07-17 15:44:19'),
(1917, 16, 'J', 9, 'vip', '2026-07-17 15:44:19'),
(1918, 16, 'J', 10, 'vip', '2026-07-17 15:44:19'),
(1919, 16, 'J', 11, 'vip', '2026-07-17 15:44:20'),
(1920, 16, 'J', 12, 'vip', '2026-07-17 15:44:20'),
(1921, 17, 'A', 1, 'regular', '2026-07-17 15:44:20'),
(1922, 17, 'A', 2, 'regular', '2026-07-17 15:44:20'),
(1923, 17, 'A', 3, 'regular', '2026-07-17 15:44:20'),
(1924, 17, 'A', 4, 'regular', '2026-07-17 15:44:20'),
(1925, 17, 'A', 5, 'regular', '2026-07-17 15:44:20'),
(1926, 17, 'A', 6, 'regular', '2026-07-17 15:44:20'),
(1927, 17, 'A', 7, 'regular', '2026-07-17 15:44:20'),
(1928, 17, 'A', 8, 'regular', '2026-07-17 15:44:20'),
(1929, 17, 'A', 9, 'regular', '2026-07-17 15:44:20'),
(1930, 17, 'A', 10, 'regular', '2026-07-17 15:44:20'),
(1931, 17, 'A', 11, 'regular', '2026-07-17 15:44:20'),
(1932, 17, 'A', 12, 'regular', '2026-07-17 15:44:20'),
(1933, 17, 'B', 1, 'regular', '2026-07-17 15:44:20'),
(1934, 17, 'B', 2, 'regular', '2026-07-17 15:44:20'),
(1935, 17, 'B', 3, 'regular', '2026-07-17 15:44:21'),
(1936, 17, 'B', 4, 'regular', '2026-07-17 15:44:21'),
(1937, 17, 'B', 5, 'regular', '2026-07-17 15:44:21'),
(1938, 17, 'B', 6, 'regular', '2026-07-17 15:44:21'),
(1939, 17, 'B', 7, 'regular', '2026-07-17 15:44:21'),
(1940, 17, 'B', 8, 'regular', '2026-07-17 15:44:21'),
(1941, 17, 'B', 9, 'regular', '2026-07-17 15:44:21'),
(1942, 17, 'B', 10, 'regular', '2026-07-17 15:44:21'),
(1943, 17, 'B', 11, 'regular', '2026-07-17 15:44:21'),
(1944, 17, 'B', 12, 'regular', '2026-07-17 15:44:21'),
(1945, 17, 'C', 1, 'regular', '2026-07-17 15:44:21'),
(1946, 17, 'C', 2, 'regular', '2026-07-17 15:44:21'),
(1947, 17, 'C', 3, 'regular', '2026-07-17 15:44:21'),
(1948, 17, 'C', 4, 'regular', '2026-07-17 15:44:22'),
(1949, 17, 'C', 5, 'regular', '2026-07-17 15:44:22'),
(1950, 17, 'C', 6, 'regular', '2026-07-17 15:44:22'),
(1951, 17, 'C', 7, 'regular', '2026-07-17 15:44:22'),
(1952, 17, 'C', 8, 'regular', '2026-07-17 15:44:22'),
(1953, 17, 'C', 9, 'regular', '2026-07-17 15:44:22'),
(1954, 17, 'C', 10, 'regular', '2026-07-17 15:44:22'),
(1955, 17, 'C', 11, 'regular', '2026-07-17 15:44:22'),
(1956, 17, 'C', 12, 'regular', '2026-07-17 15:44:22'),
(1957, 17, 'D', 1, 'regular', '2026-07-17 15:44:22'),
(1958, 17, 'D', 2, 'regular', '2026-07-17 15:44:22'),
(1959, 17, 'D', 3, 'regular', '2026-07-17 15:44:22'),
(1960, 17, 'D', 4, 'regular', '2026-07-17 15:44:23'),
(1961, 17, 'D', 5, 'regular', '2026-07-17 15:44:23'),
(1962, 17, 'D', 6, 'regular', '2026-07-17 15:44:23'),
(1963, 17, 'D', 7, 'regular', '2026-07-17 15:44:23'),
(1964, 17, 'D', 8, 'regular', '2026-07-17 15:44:23'),
(1965, 17, 'D', 9, 'regular', '2026-07-17 15:44:23');
INSERT INTO `seats` (`seat_id`, `screen_id`, `seat_row`, `seat_number`, `seat_type`, `created_at`) VALUES
(1966, 17, 'D', 10, 'regular', '2026-07-17 15:44:23'),
(1967, 17, 'D', 11, 'regular', '2026-07-17 15:44:23'),
(1968, 17, 'D', 12, 'regular', '2026-07-17 15:44:23'),
(1969, 17, 'E', 1, 'regular', '2026-07-17 15:44:23'),
(1970, 17, 'E', 2, 'regular', '2026-07-17 15:44:23'),
(1971, 17, 'E', 3, 'regular', '2026-07-17 15:44:23'),
(1972, 17, 'E', 4, 'regular', '2026-07-17 15:44:23'),
(1973, 17, 'E', 5, 'regular', '2026-07-17 15:44:23'),
(1974, 17, 'E', 6, 'regular', '2026-07-17 15:44:24'),
(1975, 17, 'E', 7, 'regular', '2026-07-17 15:44:24'),
(1976, 17, 'E', 8, 'regular', '2026-07-17 15:44:24'),
(1977, 17, 'E', 9, 'regular', '2026-07-17 15:44:24'),
(1978, 17, 'E', 10, 'regular', '2026-07-17 15:44:24'),
(1979, 17, 'E', 11, 'regular', '2026-07-17 15:44:24'),
(1980, 17, 'E', 12, 'regular', '2026-07-17 15:44:24'),
(1981, 17, 'F', 1, 'regular', '2026-07-17 15:44:24'),
(1982, 17, 'F', 2, 'regular', '2026-07-17 15:44:24'),
(1983, 17, 'F', 3, 'regular', '2026-07-17 15:44:24'),
(1984, 17, 'F', 4, 'regular', '2026-07-17 15:44:24'),
(1985, 17, 'F', 5, 'regular', '2026-07-17 15:44:24'),
(1986, 17, 'F', 6, 'regular', '2026-07-17 15:44:25'),
(1987, 17, 'F', 7, 'regular', '2026-07-17 15:44:25'),
(1988, 17, 'F', 8, 'regular', '2026-07-17 15:44:25'),
(1989, 17, 'F', 9, 'regular', '2026-07-17 15:44:25'),
(1990, 17, 'F', 10, 'regular', '2026-07-17 15:44:25'),
(1991, 17, 'F', 11, 'regular', '2026-07-17 15:44:25'),
(1992, 17, 'F', 12, 'regular', '2026-07-17 15:44:25'),
(1993, 17, 'G', 1, 'regular', '2026-07-17 15:44:25'),
(1994, 17, 'G', 2, 'regular', '2026-07-17 15:44:25'),
(1995, 17, 'G', 3, 'regular', '2026-07-17 15:44:25'),
(1996, 17, 'G', 4, 'regular', '2026-07-17 15:44:25'),
(1997, 17, 'G', 5, 'regular', '2026-07-17 15:44:25'),
(1998, 17, 'G', 6, 'regular', '2026-07-17 15:44:25'),
(1999, 17, 'G', 7, 'regular', '2026-07-17 15:44:25'),
(2000, 17, 'G', 8, 'regular', '2026-07-17 15:44:26'),
(2001, 17, 'G', 9, 'regular', '2026-07-17 15:44:26'),
(2002, 17, 'G', 10, 'regular', '2026-07-17 15:44:26'),
(2003, 17, 'G', 11, 'regular', '2026-07-17 15:44:26'),
(2004, 17, 'G', 12, 'regular', '2026-07-17 15:44:26'),
(2005, 17, 'H', 1, 'regular', '2026-07-17 15:44:26'),
(2006, 17, 'H', 2, 'regular', '2026-07-17 15:44:26'),
(2007, 17, 'H', 3, 'regular', '2026-07-17 15:44:26'),
(2008, 17, 'H', 4, 'regular', '2026-07-17 15:44:26'),
(2009, 17, 'H', 5, 'regular', '2026-07-17 15:44:26'),
(2010, 17, 'H', 6, 'regular', '2026-07-17 15:44:26'),
(2011, 17, 'H', 7, 'regular', '2026-07-17 15:44:26'),
(2012, 17, 'H', 8, 'regular', '2026-07-17 15:44:26'),
(2013, 17, 'H', 9, 'regular', '2026-07-17 15:44:27'),
(2014, 17, 'H', 10, 'regular', '2026-07-17 15:44:27'),
(2015, 17, 'H', 11, 'regular', '2026-07-17 15:44:27'),
(2016, 17, 'H', 12, 'regular', '2026-07-17 15:44:27'),
(2017, 17, 'I', 1, 'premium', '2026-07-17 15:44:27'),
(2018, 17, 'I', 2, 'premium', '2026-07-17 15:44:27'),
(2019, 17, 'I', 3, 'premium', '2026-07-17 15:44:27'),
(2020, 17, 'I', 4, 'premium', '2026-07-17 15:44:27'),
(2021, 17, 'I', 5, 'premium', '2026-07-17 15:44:27'),
(2022, 17, 'I', 6, 'premium', '2026-07-17 15:44:27'),
(2023, 17, 'I', 7, 'premium', '2026-07-17 15:44:27'),
(2024, 17, 'I', 8, 'premium', '2026-07-17 15:44:27'),
(2025, 17, 'I', 9, 'premium', '2026-07-17 15:44:27'),
(2026, 17, 'I', 10, 'premium', '2026-07-17 15:44:27'),
(2027, 17, 'I', 11, 'premium', '2026-07-17 15:44:28'),
(2028, 17, 'I', 12, 'premium', '2026-07-17 15:44:28'),
(2029, 17, 'J', 1, 'vip', '2026-07-17 15:44:28'),
(2030, 17, 'J', 2, 'vip', '2026-07-17 15:44:28'),
(2031, 17, 'J', 3, 'vip', '2026-07-17 15:44:28'),
(2032, 17, 'J', 4, 'vip', '2026-07-17 15:44:28'),
(2033, 17, 'J', 5, 'vip', '2026-07-17 15:44:28'),
(2034, 17, 'J', 6, 'vip', '2026-07-17 15:44:28'),
(2035, 17, 'J', 7, 'vip', '2026-07-17 15:44:28'),
(2036, 17, 'J', 8, 'vip', '2026-07-17 15:44:28'),
(2037, 17, 'J', 9, 'vip', '2026-07-17 15:44:28'),
(2038, 17, 'J', 10, 'vip', '2026-07-17 15:44:28'),
(2039, 17, 'J', 11, 'vip', '2026-07-17 15:44:29'),
(2040, 17, 'J', 12, 'vip', '2026-07-17 15:44:29'),
(2041, 18, 'A', 1, 'regular', '2026-07-17 15:44:29'),
(2042, 18, 'A', 2, 'regular', '2026-07-17 15:44:29'),
(2043, 18, 'A', 3, 'regular', '2026-07-17 15:44:29'),
(2044, 18, 'A', 4, 'regular', '2026-07-17 15:44:29'),
(2045, 18, 'A', 5, 'regular', '2026-07-17 15:44:29'),
(2046, 18, 'A', 6, 'regular', '2026-07-17 15:44:29'),
(2047, 18, 'A', 7, 'regular', '2026-07-17 15:44:29'),
(2048, 18, 'A', 8, 'regular', '2026-07-17 15:44:29'),
(2049, 18, 'A', 9, 'regular', '2026-07-17 15:44:29'),
(2050, 18, 'A', 10, 'regular', '2026-07-17 15:44:29'),
(2051, 18, 'A', 11, 'regular', '2026-07-17 15:44:30'),
(2052, 18, 'A', 12, 'regular', '2026-07-17 15:44:30'),
(2053, 18, 'B', 1, 'regular', '2026-07-17 15:44:30'),
(2054, 18, 'B', 2, 'regular', '2026-07-17 15:44:30'),
(2055, 18, 'B', 3, 'regular', '2026-07-17 15:44:30'),
(2056, 18, 'B', 4, 'regular', '2026-07-17 15:44:30'),
(2057, 18, 'B', 5, 'regular', '2026-07-17 15:44:30'),
(2058, 18, 'B', 6, 'regular', '2026-07-17 15:44:30'),
(2059, 18, 'B', 7, 'regular', '2026-07-17 15:44:30'),
(2060, 18, 'B', 8, 'regular', '2026-07-17 15:44:30'),
(2061, 18, 'B', 9, 'regular', '2026-07-17 15:44:30'),
(2062, 18, 'B', 10, 'regular', '2026-07-17 15:44:30'),
(2063, 18, 'B', 11, 'regular', '2026-07-17 15:44:30'),
(2064, 18, 'B', 12, 'regular', '2026-07-17 15:44:31'),
(2065, 18, 'C', 1, 'regular', '2026-07-17 15:44:31'),
(2066, 18, 'C', 2, 'regular', '2026-07-17 15:44:31'),
(2067, 18, 'C', 3, 'regular', '2026-07-17 15:44:31'),
(2068, 18, 'C', 4, 'regular', '2026-07-17 15:44:31'),
(2069, 18, 'C', 5, 'regular', '2026-07-17 15:44:31'),
(2070, 18, 'C', 6, 'regular', '2026-07-17 15:44:31'),
(2071, 18, 'C', 7, 'regular', '2026-07-17 15:44:31'),
(2072, 18, 'C', 8, 'regular', '2026-07-17 15:44:31'),
(2073, 18, 'C', 9, 'regular', '2026-07-17 15:44:31'),
(2074, 18, 'C', 10, 'regular', '2026-07-17 15:44:31'),
(2075, 18, 'C', 11, 'regular', '2026-07-17 15:44:31'),
(2076, 18, 'C', 12, 'regular', '2026-07-17 15:44:32'),
(2077, 18, 'D', 1, 'regular', '2026-07-17 15:44:32'),
(2078, 18, 'D', 2, 'regular', '2026-07-17 15:44:32'),
(2079, 18, 'D', 3, 'regular', '2026-07-17 15:44:32'),
(2080, 18, 'D', 4, 'regular', '2026-07-17 15:44:32'),
(2081, 18, 'D', 5, 'regular', '2026-07-17 15:44:32'),
(2082, 18, 'D', 6, 'regular', '2026-07-17 15:44:32'),
(2083, 18, 'D', 7, 'regular', '2026-07-17 15:44:32'),
(2084, 18, 'D', 8, 'regular', '2026-07-17 15:44:32'),
(2085, 18, 'D', 9, 'regular', '2026-07-17 15:44:32'),
(2086, 18, 'D', 10, 'regular', '2026-07-17 15:44:33'),
(2087, 18, 'D', 11, 'regular', '2026-07-17 15:44:33'),
(2088, 18, 'D', 12, 'regular', '2026-07-17 15:44:33'),
(2089, 18, 'E', 1, 'regular', '2026-07-17 15:44:33'),
(2090, 18, 'E', 2, 'regular', '2026-07-17 15:44:33'),
(2091, 18, 'E', 3, 'regular', '2026-07-17 15:44:33'),
(2092, 18, 'E', 4, 'regular', '2026-07-17 15:44:33'),
(2093, 18, 'E', 5, 'regular', '2026-07-17 15:44:33'),
(2094, 18, 'E', 6, 'regular', '2026-07-17 15:44:33'),
(2095, 18, 'E', 7, 'regular', '2026-07-17 15:44:33'),
(2096, 18, 'E', 8, 'regular', '2026-07-17 15:44:33'),
(2097, 18, 'E', 9, 'regular', '2026-07-17 15:44:33'),
(2098, 18, 'E', 10, 'regular', '2026-07-17 15:44:33'),
(2099, 18, 'E', 11, 'regular', '2026-07-17 15:44:34'),
(2100, 18, 'E', 12, 'regular', '2026-07-17 15:44:34'),
(2101, 18, 'F', 1, 'regular', '2026-07-17 15:44:34'),
(2102, 18, 'F', 2, 'regular', '2026-07-17 15:44:34'),
(2103, 18, 'F', 3, 'regular', '2026-07-17 15:44:34'),
(2104, 18, 'F', 4, 'regular', '2026-07-17 15:44:34'),
(2105, 18, 'F', 5, 'regular', '2026-07-17 15:44:34'),
(2106, 18, 'F', 6, 'regular', '2026-07-17 15:44:34'),
(2107, 18, 'F', 7, 'regular', '2026-07-17 15:44:34'),
(2108, 18, 'F', 8, 'regular', '2026-07-17 15:44:34'),
(2109, 18, 'F', 9, 'regular', '2026-07-17 15:44:34'),
(2110, 18, 'F', 10, 'regular', '2026-07-17 15:44:34'),
(2111, 18, 'F', 11, 'regular', '2026-07-17 15:44:35'),
(2112, 18, 'F', 12, 'regular', '2026-07-17 15:44:35'),
(2113, 18, 'G', 1, 'regular', '2026-07-17 15:44:35'),
(2114, 18, 'G', 2, 'regular', '2026-07-17 15:44:35'),
(2115, 18, 'G', 3, 'regular', '2026-07-17 15:44:35'),
(2116, 18, 'G', 4, 'regular', '2026-07-17 15:44:35'),
(2117, 18, 'G', 5, 'regular', '2026-07-17 15:44:35'),
(2118, 18, 'G', 6, 'regular', '2026-07-17 15:44:35'),
(2119, 18, 'G', 7, 'regular', '2026-07-17 15:44:35'),
(2120, 18, 'G', 8, 'regular', '2026-07-17 15:44:35'),
(2121, 18, 'G', 9, 'regular', '2026-07-17 15:44:35'),
(2122, 18, 'G', 10, 'regular', '2026-07-17 15:44:36'),
(2123, 18, 'G', 11, 'regular', '2026-07-17 15:44:36'),
(2124, 18, 'G', 12, 'regular', '2026-07-17 15:44:36'),
(2125, 18, 'H', 1, 'regular', '2026-07-17 15:44:36'),
(2126, 18, 'H', 2, 'regular', '2026-07-17 15:44:36'),
(2127, 18, 'H', 3, 'regular', '2026-07-17 15:44:36'),
(2128, 18, 'H', 4, 'regular', '2026-07-17 15:44:36'),
(2129, 18, 'H', 5, 'regular', '2026-07-17 15:44:36'),
(2130, 18, 'H', 6, 'regular', '2026-07-17 15:44:36'),
(2131, 18, 'H', 7, 'regular', '2026-07-17 15:44:36'),
(2132, 18, 'H', 8, 'regular', '2026-07-17 15:44:36'),
(2133, 18, 'H', 9, 'regular', '2026-07-17 15:44:36'),
(2134, 18, 'H', 10, 'regular', '2026-07-17 15:44:36'),
(2135, 18, 'H', 11, 'regular', '2026-07-17 15:44:36'),
(2136, 18, 'H', 12, 'regular', '2026-07-17 15:44:36'),
(2137, 18, 'I', 1, 'premium', '2026-07-17 15:44:37'),
(2138, 18, 'I', 2, 'premium', '2026-07-17 15:44:37'),
(2139, 18, 'I', 3, 'premium', '2026-07-17 15:44:37'),
(2140, 18, 'I', 4, 'premium', '2026-07-17 15:44:37'),
(2141, 18, 'I', 5, 'premium', '2026-07-17 15:44:37'),
(2142, 18, 'I', 6, 'premium', '2026-07-17 15:44:37'),
(2143, 18, 'I', 7, 'premium', '2026-07-17 15:44:37'),
(2144, 18, 'I', 8, 'premium', '2026-07-17 15:44:37'),
(2145, 18, 'I', 9, 'premium', '2026-07-17 15:44:37'),
(2146, 18, 'I', 10, 'premium', '2026-07-17 15:44:37'),
(2147, 18, 'I', 11, 'premium', '2026-07-17 15:44:37'),
(2148, 18, 'I', 12, 'premium', '2026-07-17 15:44:37'),
(2149, 18, 'J', 1, 'vip', '2026-07-17 15:44:37'),
(2150, 18, 'J', 2, 'vip', '2026-07-17 15:44:38'),
(2151, 18, 'J', 3, 'vip', '2026-07-17 15:44:38'),
(2152, 18, 'J', 4, 'vip', '2026-07-17 15:44:38'),
(2153, 18, 'J', 5, 'vip', '2026-07-17 15:44:38'),
(2154, 18, 'J', 6, 'vip', '2026-07-17 15:44:38'),
(2155, 18, 'J', 7, 'vip', '2026-07-17 15:44:38'),
(2156, 18, 'J', 8, 'vip', '2026-07-17 15:44:38'),
(2157, 18, 'J', 9, 'vip', '2026-07-17 15:44:38'),
(2158, 18, 'J', 10, 'vip', '2026-07-17 15:44:38'),
(2159, 18, 'J', 11, 'vip', '2026-07-17 15:44:38'),
(2160, 18, 'J', 12, 'vip', '2026-07-17 15:44:39');

-- --------------------------------------------------------

--
-- Table structure for table `theaters`
--

CREATE TABLE `theaters` (
  `theater_id` int(11) NOT NULL,
  `name` varchar(150) NOT NULL,
  `location` varchar(255) NOT NULL,
  `contact_number` varchar(20) DEFAULT NULL,
  `created_at` timestamp NOT NULL DEFAULT current_timestamp()
) ENGINE=InnoDB DEFAULT CHARSET=utf8mb4 COLLATE=utf8mb4_general_ci;

--
-- Dumping data for table `theaters`
--

INSERT INTO `theaters` (`theater_id`, `name`, `location`, `contact_number`, `created_at`) VALUES
(1, 'CineReserve Trinoma', 'Trinoma Mall, Quezon City', '(02) 8123-4567', '2026-07-17 15:42:01'),
(2, 'CineReserve SM Megamall', 'SM Megamall, Mandaluyong', '(02) 8234-5678', '2026-07-17 15:42:01'),
(3, 'CineReserve Ayala Cebu', 'Ayala Center, Cebu City', '(032) 234-5678', '2026-07-17 15:42:01');

-- --------------------------------------------------------

--
-- Table structure for table `users`
--

CREATE TABLE `users` (
  `user_id` int(11) NOT NULL,
  `full_name` varchar(100) NOT NULL,
  `email` varchar(150) NOT NULL,
  `password_hash` varchar(255) NOT NULL,
  `phone_number` varchar(20) DEFAULT NULL,
  `role` enum('customer','admin') NOT NULL DEFAULT 'customer',
  `created_at` timestamp NOT NULL DEFAULT current_timestamp(),
  `updated_at` timestamp NOT NULL DEFAULT current_timestamp() ON UPDATE current_timestamp()
) ENGINE=InnoDB DEFAULT CHARSET=utf8mb4 COLLATE=utf8mb4_general_ci;

--
-- Dumping data for table `users`
--

INSERT INTO `users` (`user_id`, `full_name`, `email`, `password_hash`, `phone_number`, `role`, `created_at`, `updated_at`) VALUES
(1, 'Juan Dela Cruz', 'juan@example.com', '$2y$10$hashedpassword1', '09171234567', 'customer', '2026-07-17 15:42:01', '2026-07-17 15:42:01'),
(2, 'Maria Santos', 'maria@example.com', '$2y$10$hashedpassword2', '09179876543', 'admin', '2026-07-17 15:42:01', '2026-07-17 15:42:01');

--
-- Indexes for dumped tables
--

--
-- Indexes for table `movies`
--
ALTER TABLE `movies`
  ADD PRIMARY KEY (`movie_id`);

--
-- Indexes for table `reservations`
--
ALTER TABLE `reservations`
  ADD PRIMARY KEY (`reservation_id`),
  ADD KEY `fk_reservations_user` (`user_id`),
  ADD KEY `fk_reservations_schedule` (`schedule_id`);

--
-- Indexes for table `reservation_seats`
--
ALTER TABLE `reservation_seats`
  ADD PRIMARY KEY (`reservation_seat_id`),
  ADD UNIQUE KEY `uq_seat_not_double_booked` (`reservation_id`,`seat_id`),
  ADD KEY `fk_resseats_seat` (`seat_id`);

--
-- Indexes for table `schedules`
--
ALTER TABLE `schedules`
  ADD PRIMARY KEY (`schedule_id`),
  ADD UNIQUE KEY `uq_schedule_slot` (`screen_id`,`show_date`,`show_time`),
  ADD KEY `fk_schedules_movie` (`movie_id`);

--
-- Indexes for table `screens`
--
ALTER TABLE `screens`
  ADD PRIMARY KEY (`screen_id`),
  ADD KEY `fk_screens_theater` (`theater_id`);

--
-- Indexes for table `seats`
--
ALTER TABLE `seats`
  ADD PRIMARY KEY (`seat_id`),
  ADD UNIQUE KEY `uq_seat_per_screen` (`screen_id`,`seat_row`,`seat_number`);

--
-- Indexes for table `theaters`
--
ALTER TABLE `theaters`
  ADD PRIMARY KEY (`theater_id`);

--
-- Indexes for table `users`
--
ALTER TABLE `users`
  ADD PRIMARY KEY (`user_id`),
  ADD UNIQUE KEY `email` (`email`);

--
-- AUTO_INCREMENT for dumped tables
--

--
-- AUTO_INCREMENT for table `movies`
--
ALTER TABLE `movies`
  MODIFY `movie_id` int(11) NOT NULL AUTO_INCREMENT, AUTO_INCREMENT=7;

--
-- AUTO_INCREMENT for table `reservations`
--
ALTER TABLE `reservations`
  MODIFY `reservation_id` int(11) NOT NULL AUTO_INCREMENT, AUTO_INCREMENT=4;

--
-- AUTO_INCREMENT for table `reservation_seats`
--
ALTER TABLE `reservation_seats`
  MODIFY `reservation_seat_id` int(11) NOT NULL AUTO_INCREMENT, AUTO_INCREMENT=10;

--
-- AUTO_INCREMENT for table `schedules`
--
ALTER TABLE `schedules`
  MODIFY `schedule_id` int(11) NOT NULL AUTO_INCREMENT, AUTO_INCREMENT=8;

--
-- AUTO_INCREMENT for table `screens`
--
ALTER TABLE `screens`
  MODIFY `screen_id` int(11) NOT NULL AUTO_INCREMENT, AUTO_INCREMENT=32;

--
-- AUTO_INCREMENT for table `seats`
--
ALTER TABLE `seats`
  MODIFY `seat_id` int(11) NOT NULL AUTO_INCREMENT, AUTO_INCREMENT=2161;

--
-- AUTO_INCREMENT for table `theaters`
--
ALTER TABLE `theaters`
  MODIFY `theater_id` int(11) NOT NULL AUTO_INCREMENT, AUTO_INCREMENT=4;

--
-- AUTO_INCREMENT for table `users`
--
ALTER TABLE `users`
  MODIFY `user_id` int(11) NOT NULL AUTO_INCREMENT, AUTO_INCREMENT=3;

--
-- Constraints for dumped tables
--

--
-- Constraints for table `reservations`
--
ALTER TABLE `reservations`
  ADD CONSTRAINT `fk_reservations_schedule` FOREIGN KEY (`schedule_id`) REFERENCES `schedules` (`schedule_id`) ON DELETE CASCADE,
  ADD CONSTRAINT `fk_reservations_user` FOREIGN KEY (`user_id`) REFERENCES `users` (`user_id`) ON DELETE CASCADE;

--
-- Constraints for table `reservation_seats`
--
ALTER TABLE `reservation_seats`
  ADD CONSTRAINT `fk_resseats_reservation` FOREIGN KEY (`reservation_id`) REFERENCES `reservations` (`reservation_id`) ON DELETE CASCADE,
  ADD CONSTRAINT `fk_resseats_seat` FOREIGN KEY (`seat_id`) REFERENCES `seats` (`seat_id`) ON DELETE CASCADE;

--
-- Constraints for table `schedules`
--
ALTER TABLE `schedules`
  ADD CONSTRAINT `fk_schedules_movie` FOREIGN KEY (`movie_id`) REFERENCES `movies` (`movie_id`) ON DELETE CASCADE,
  ADD CONSTRAINT `fk_schedules_screen` FOREIGN KEY (`screen_id`) REFERENCES `screens` (`screen_id`) ON DELETE CASCADE;

--
-- Constraints for table `screens`
--
ALTER TABLE `screens`
  ADD CONSTRAINT `fk_screens_theater` FOREIGN KEY (`theater_id`) REFERENCES `theaters` (`theater_id`) ON DELETE CASCADE;

--
-- Constraints for table `seats`
--
ALTER TABLE `seats`
  ADD CONSTRAINT `fk_seats_screen` FOREIGN KEY (`screen_id`) REFERENCES `screens` (`screen_id`) ON DELETE CASCADE;
COMMIT;

/*!40101 SET CHARACTER_SET_CLIENT=@OLD_CHARACTER_SET_CLIENT */;
/*!40101 SET CHARACTER_SET_RESULTS=@OLD_CHARACTER_SET_RESULTS */;
/*!40101 SET COLLATION_CONNECTION=@OLD_COLLATION_CONNECTION */;
